Title,Author,Year,Rating,Raters,Rating_class
The Shining (Paperback),Stephen King,1977,4.26,1331732,good
It (Paperback),Stephen King,1986,4.25,979436,good
Dracula (Paperback),Bram Stoker,1897,4.01,1119957,good
Carrie (Mass Market Paperback),Stephen King,1974,3.98,630669,mid
Pet Sematary (Kindle Edition),Stephen King,1983,4.04,516341,good
Frankenstein: The 1818 Text (Paperback),Mary Wollstonecraft Shelley,1818,3.84,1395687,mid
The Haunting of Hill House (Paperback),Shirley Jackson,1959,3.83,237799,mid
'Salem's Lot (Paperback),Stephen King,1975,4.05,398858,good
The Stand (Hardcover),Stephen King,1978,4.34,702945,good
Misery (Paperback),Stephen King,1987,4.2,606417,good
Mexican Gothic (Hardcover),Silvia Moreno-Garcia,2020,3.68,261264,mid
House of Leaves (Paperback),Mark Z. Danielewski,2000,4.09,149054,good
"Interview with the Vampire (The Vampire Chronicles, #1)",Anne Rice,1976,4.01,540950,good
"Doctor Sleep (The Shining, #2)",Stephen King,2013,4.12,233162,good
World War Z: An Oral History of the Zombie War (Hardcover),Max Brooks,2006,4.01,489806,good
We Have Always Lived in the Castle (Paperback),Shirley Jackson,1962,3.96,172311,mid
Cujo (Paperback),Stephen King,1981,3.76,258563,mid
NOS4A2 (Hardcover),Joe Hill,2013,4.08,116623,good
The Exorcist (Mass Market Paperback),William Peter Blatty,1971,4.19,210733,good
"Bird Box (Bird Box, #1)",Josh Malerman,2014,4.04,170247,good
Heart-Shaped Box (Hardcover),Joe Hill,2007,3.84,123555,mid
Coraline (Paperback),Neil Gaiman,2002,4.09,598467,good
Needful Things (Paperback),Stephen King,1991,3.95,232425,mid
Christine (Paperback),Stephen King,1983,3.82,223565,mid
Dr. Jekyll and Mr. Hyde (Paperback),Robert Louis Stevenson,1886,3.83,491216,mid
Let the Right One In (Hardcover),John Ajvide Lindqvist,2004,4.04,102268,good
Night Shift (Paperback),Stephen King,1978,4.02,165802,good
The Southern Book Club's Guide to Slaying Vampires (Kindle Edition),Grady Hendrix,2020,3.82,143592,mid
The Only Good Indians (Hardcover),Stephen Graham Jones,2020,3.72,54016,mid
The Outsider (Hardcover),Stephen King,2018,3.99,250144,mid
"Rosemary's Baby (Rosemary's Baby, #1)",Ira Levin,1967,4.02,127441,good
A Head Full of Ghosts (Hardcover),Paul Tremblay,2015,3.8,65697,mid
Firestarter (Mass Market Paperback),Stephen King,1980,3.91,211607,mid
The Dead Zone (Mass Market Paperback),Stephen King,1979,3.95,205848,mid
Cell (Mass Market Paperback),Stephen King,2006,3.66,210693,mid
"The Silence of the Lambs  (Hannibal Lecter, #2)",Thomas  Harris,1988,4.23,517530,good
Horrorstör (Paperback),Grady Hendrix,2014,3.66,60747,mid
"The Girl with All the Gifts (The Girl with All the Gifts, #1)",M.R. Carey,2014,3.95,210595,mid
Horns (Hardcover),Joe Hill,2009,3.93,108625,mid
My Best Friend's Exorcism (Kindle Edition),Grady Hendrix,2016,3.97,68935,mid
The Picture of Dorian Gray (Paperback),Oscar Wilde,1890,4.11,1273429,good
The Troop (Hardcover),Nick Cutter,2014,3.82,52160,mid
The Turn of the Screw (Paperback),Henry James,1898,3.4,135447,mid
"Something Wicked This Way Comes (Green Town, #2)",Ray Bradbury,1962,3.92,117749,mid
Bag of Bones (Paperback),Stephen King,1998,3.91,187397,mid
The Tommyknockers (Mass Market Paperback),Stephen King,1987,3.58,140655,mid
Thinner (Mass Market Paperback),Richard Bachman,1984,3.75,194828,mid
Under the Dome (Hardcover),Stephen King,2009,3.91,281724,mid
The Dark Half (Paperback),Stephen King,1989,3.8,134110,mid
The Institute (Hardcover),Stephen King,2019,4.2,213130,good
Skeleton Crew (Paperback),Stephen King,1985,3.97,118367,mid
"The Gunslinger (The Dark Tower, #1)",Stephen King,1982,3.94,565556,mid
The Final Girl Support Group (Hardcover),Grady Hendrix,2021,3.56,76451,mid
"The Passage (The Passage, #1)",Justin Cronin,2010,4.04,201220,good
"Red Dragon (Hannibal Lecter, #1)",Thomas  Harris,1981,4.05,308597,good
I Am Legend (Kindle Edition),Richard Matheson,1954,4.06,117399,good
Gerald's Game (Hardcover),Stephen King,1992,3.55,148895,mid
Carmilla (Paperback),J. Sheridan Le Fanu,1872,3.83,73796,mid
Desperation (Mass Market Paperback),Stephen King,1996,3.84,132482,mid
Insomnia (Paperback),Stephen King,1994,3.83,146456,mid
The Mist (Paperback),Stephen King,1980,3.95,135974,mid
Dreamcatcher (Paperback),Stephen King,2001,3.64,165409,mid
The Green Mile (Paperback),Stephen King,1996,4.46,287185,good
"The Vampire Lestat (The Vampire Chronicles, #2)",Anne Rice,1985,4.08,188954,good
American Psycho (Paperback),Bret Easton Ellis,1991,3.82,274382,mid
The Woman in Black (Paperback),Susan         Hill,1983,3.74,59130,mid
"The Strain (The Strain Trilogy, #1)",Guillermo del Toro,2009,3.79,83527,mid
Ghost Story (Mass Market Paperback),Peter Straub,1979,3.94,73898,mid
The Long Walk (Mass Market Paperback),Richard Bachman,1979,4.1,156483,good
I Am Legend and Other Stories (Paperback),Richard Matheson,1954,4.0,126447,mid
Through the Woods (Hardcover),Emily Carroll,2014,3.94,74004,mid
Tender is the Flesh (Paperback),Agustina Bazterrica,2017,3.89,76059,mid
Hell House (Hardcover),Richard Matheson,1971,3.77,44808,mid
The Amityville Horror (Mass Market Paperback),Jay Anson,1977,3.84,120549,mid
"Into the Drowning Deep (Rolling in the Deep, #1)",Mira Grant,2017,3.99,25014,mid
The Hellbound Heart (Paperback),Clive Barker,1986,4.06,48364,good
"Full Dark, No Stars (Hardcover)",Stephen King,2011,4.07,102506,good
The Terror (Hardcover),Dan Simmons,2007,4.06,54414,good
Revival (Hardcover),Stephen King,2014,3.79,113905,mid
Different Seasons (Mass Market Paperback),Stephen King,1982,4.35,192417,good
Everything's Eventual (Paperback),Stephen King,2002,3.97,94620,mid
Four Past Midnight (Paperback),Stephen King,1990,3.94,104028,mid
The Girl Who Loved Tom Gordon (Paperback),Stephen King,1999,3.62,147796,mid
The Ruins (Hardcover),Scott        Smith,2006,3.64,40799,mid
Annihilation (Paperback),Jeff VanderMeer,2014,3.74,193474,mid
I'm Thinking of Ending Things (Kindle Edition),Iain Reid,2016,3.59,113216,mid
"Anna Dressed in Blood (Anna, #1)",Kendare Blake,2011,3.91,102812,mid
The Cabin at the End of the World (Hardcover),Paul Tremblay,2018,3.29,49318,mid
"Welcome to Lovecraft (Locke & Key, #1)",Joe Hill,2008,4.15,92034,good
Duma Key (Hardcover),Stephen King,2008,3.96,113528,mid
Nightmares and Dreamscapes (Paperback),Stephen King,1993,3.95,78693,mid
"The Talisman (The Talisman, #1)",Stephen King,1984,4.13,119445,good
Bunny (Hardcover),Mona Awad,2019,3.58,68721,mid
Home Before Dark (Hardcover),Riley Sager,2020,4.09,130151,good
Rose Madder (Paperback),Stephen King,1995,3.73,105491,mid
Dolores Claiborne (ebook),Stephen King,1992,3.9,140117,mid
Wilder Girls (Hardcover),Rory Power,2019,3.48,70969,mid
"The Queen of the Damned (The Vampire Chronicles, #3)",Anne Rice,1988,3.9,144751,mid
"John Dies at the End (John Dies at the End, #1)",David  Wong,2007,3.89,68321,mid
The Ballad of Black Tom (Paperback),Victor LaValle,2016,3.88,22194,mid
The Last House on Needless Street (Hardcover),Catriona Ward,2021,3.87,50408,mid
The Graveyard Book (Hardcover),Neil Gaiman,2008,4.15,497290,good
"My Heart Is a Chainsaw (The Lake Witch Trilogy, #1)",Stephen Graham Jones,2021,3.58,20107,mid
The Hollow Places (Paperback),T. Kingfisher,2020,3.8,18772,mid
Lovecraft Country (ebook),Matt Ruff,2016,4.02,39160,good
Nothing But Blackened Teeth (Hardcover),Cassandra Khaw,2021,2.76,21758,mid
The Twisted Ones (Hardcover),T. Kingfisher,2019,3.64,18485,mid
At the Mountains of Madness (Paperback),H.P. Lovecraft,1931,3.84,44779,mid
Hex (Paperback),Thomas Olde Heuvelt,2013,3.73,28742,mid
"Feed (Newsflesh, #1)",Mira Grant,2010,3.85,56100,mid
If It Bleeds (Kindle Edition),Stephen King,2020,4.01,72633,good
Later (Kindle Edition),Stephen King,2021,4.0,100875,mid
The Call of Cthulhu and Other Weird Stories (Paperback),H.P. Lovecraft,1926,4.18,43742,good
Sleeping Beauties (Hardcover),Stephen King,2017,3.73,74832,mid
Imaginary Friend (Hardcover),Stephen Chbosky,2019,3.53,41571,mid
The Ocean at the End of the Lane (Hardcover),Neil Gaiman,2013,4.01,558305,good
Cycle of the Werewolf (Paperback),Stephen King,1983,3.66,55163,mid
20th Century Ghosts (Hardcover),Joe Hill,2005,3.93,39585,mid
"The Drawing of the Three (The Dark Tower, #2)",Stephen King,1987,4.23,239990,good
Swan Song (Mass Market Paperback),Robert McCammon,1987,4.28,62042,good
The Fireman (Paperback),Joe Hill,2016,3.91,55882,mid
"Odd Thomas (Odd Thomas, #1)",Dean Koontz,2004,3.98,261455,mid
"Psycho (Psycho, #1)",Robert Bloch,1959,4.12,60994,good
The Regulators (Mass Market Paperback),Richard Bachman,1996,3.71,78751,mid
Uzumaki (Hardcover),Junji Ito,2000,4.44,42133,good
Watchers (Paperback),Dean Koontz,1987,4.18,158406,good
Slade House (Kindle Edition),David Mitchell,2015,3.81,59515,mid
The Hunger (Hardcover),Alma Katsu,2018,3.63,22515,mid
"Mr. Mercedes (Bill Hodges Trilogy, #1)",Stephen King,2014,3.99,279731,mid
Scary Stories to Tell in the Dark (Paperback),Alvin Schwartz,1981,4.05,62843,good
Lisey's Story (Hardcover),Stephen King,2006,3.7,79759,mid
The Historian (Kindle Edition),Elizabeth Kostova,2005,3.79,256118,mid
The Bazaar of Bad Dreams (Hardcover),Stephen King,2015,3.92,55035,mid
"Pride and Prejudice and Zombies (Pride and Prejudice and Zombies, #1)",Seth Grahame-Smith,2009,3.31,135098,mid
Things Have Gotten Worse Since We Last Spoke (Kindle Edition),Eric LaRocca,2021,3.05,31186,mid
The Winter People (Hardcover),Jennifer  McMahon,2014,3.81,63238,mid
The Complete Stories and Poems (Hardcover),Edgar Allan Poe,1849,4.38,239625,good
From a Buick 8 (Hardcover),Stephen King,2002,3.47,64840,mid
Perfume: The Story of a Murderer (Paperback),Patrick Süskind,1985,4.03,404274,good
The Call of Cthulhu (Kindle Edition),H.P. Lovecraft,1928,3.99,49110,mid
"Black House (The Talisman, #2)",Stephen King,2001,4.02,58745,good
Kill Creek (Paperback),Scott   Thomas,2017,3.78,15594,mid
Ring Shout (Hardcover),P. Djèlí Clark,2020,4.06,22489,good
The Fisherman (Paperback),John  Langan,2016,3.94,16542,mid
"The Waste Lands (The Dark Tower, #3)",Stephen King,1991,4.24,204625,good
"The Witching Hour (Lives of the Mayfair Witches, #1)",Anne Rice,1990,4.11,109543,good
The Girl Next Door (Paperback),Jack Ketchum,1989,3.94,31056,mid
"Hannibal (Hannibal Lecter, #3)",Thomas  Harris,1999,3.8,99393,mid
"Ring (Ring, #1)",Kōji Suzuki,1991,3.81,19175,mid
Haunted (Paperback),Chuck Palahniuk,2005,3.6,97056,mid
Joyland (Paperback),Stephen King,2013,3.93,141475,mid
Just After Sunset (Hardcover),Stephen King,2008,3.87,51240,mid
The Yellow Wall-Paper (Paperback),Charlotte Perkins Gilman,1892,4.12,144447,good
What Moves the Dead (Hardcover),T. Kingfisher,2022,4.0,12343,mid
"Jaws (Jaws, #1)",Peter Benchley,1974,3.96,152014,mid
"Days Gone Bye (The Walking Dead, #1)",Robert Kirkman,2004,4.27,219359,good
"Flowers in the Attic (Dollanganger, #1)",V.C. Andrews,1979,3.84,190284,mid
The Elementals (Paperback),Michael McDowell,1981,4.02,14958,good
The Silent Companions (Paperback),Laura  Purcell,2017,3.9,26658,mid
"Miss Peregrine's Home for Peculiar Children (Miss Peregrine's Peculiar Children, #1)",Ransom Riggs,2011,3.92,1157289,mid
A Monster Calls (Paperback),Patrick Ness,2011,4.35,244292,good
Phantoms (Mass Market Paperback),Dean Koontz,1983,3.96,70413,mid
Devolution: A Firsthand Account of the Rainier Sasquatch Massacre (Hardcover),Max Brooks,2020,3.92,37387,mid
The Phantom of the Opera (Paperback),Gaston Leroux,1909,3.96,221173,mid
"Summer of Night (Seasons of Horror, #1)",Dan Simmons,1991,4.04,23478,good
The Legend of Sleepy Hollow (Paperback),Washington Irving,1820,3.72,64667,mid
The Deep (Hardcover),Nick Cutter,2015,3.4,18603,mid
The Ritual (Paperback),Adam Nevill,2011,3.6,18015,mid
Meddling Kids (Hardcover),Edgar Cantero,2017,3.55,27116,mid
The Road (Hardcover),Cormac McCarthy,2006,3.98,812357,mid
Plain Bad Heroines (Hardcover),Emily M. Danforth,2020,3.67,18193,mid
Her Body and Other Parties: Stories (Paperback),Carmen Maria Machado,2017,3.88,67188,mid
"Head Games (Locke & Key, #2)",Joe Hill,2009,4.32,43468,good
"The Tale of the Body Thief (The Vampire Chronicles, #4)",Anne Rice,1992,3.74,83579,mid
"The Year of the Witching (Bethel, #1)",Alexis Henderson,2020,3.82,27545,mid
"Alice (The Chronicles of Alice, #1)",Christina Henry,2015,3.86,33704,mid
Come Closer (Paperback),Sara Gran,2003,3.63,17776,mid
"Books of Blood: Volumes One to Three (Books of Blood, #1-3)",Clive Barker,1984,4.18,26507,good
Hearts in Atlantis (Paperback),Stephen King,1999,3.84,90284,mid
"Wizard and Glass (The Dark Tower, #4)",Stephen King,1997,4.25,182960,good
Carrion Comfort (Mass Market Paperback),Dan Simmons,1989,3.9,21340,mid
House of Hollow (Hardcover),Krystal Sutherland,2021,4.07,44473,good
The Library at Mount Char (Paperback),Scott  Hawkins,2015,4.09,44065,good
"The Twelve (The Passage, #2)",Justin Cronin,2012,4.01,94393,good
The Sun Down Motel (Hardcover),Simone St. James,2020,4.03,113141,good
Dead Silence (Hardcover),S.A. Barnes,2022,3.81,10270,mid
"The Fall (The Strain Trilogy, #2)",Guillermo del Toro,2010,3.82,37562,mid
"Books of Blood, Volume One (Books of Blood, #1)",Clive Barker,1984,4.04,23827,good
The Tell-Tale Heart (Hardcover),Edgar Allan Poe,1843,4.24,78135,good
The Wasp Factory (Paperback),Iain Banks,1984,3.79,88086,mid
11/22/63 (Hardcover),Stephen King,2011,4.32,485371,good
The Running Man (Paperback),Stephen King,1982,3.89,118377,mid
The Tell-Tale Heart and Other Writings (Mass Market Paperback),Edgar Allan Poe,1843,4.19,234602,good
"Clown in a Cornfield (Clown in a Cornfield, #1)",Adam Cesare,2020,3.76,14081,mid
Final Girls (Hardcover),Riley Sager,2017,3.84,134655,mid
The Lottery (Paperback),Shirley Jackson,1948,4.07,74875,good
The Island of Dr. Moreau (Paperback),H.G. Wells,1896,3.73,109608,mid
The Zombie Survival Guide: Complete Protection from the Living Dead (Paperback),Max Brooks,2003,3.85,101031,mid
We Sold Our Souls (Kindle Edition),Grady Hendrix,2018,3.79,14750,mid
The Luminous Dead (Kindle Edition),Caitlin  Starling,2019,3.69,10913,mid
'Salem's Lot (Hardcover),Stephen King,1975,4.26,104892,good
"Abraham Lincoln: Vampire Hunter (Abraham Lincoln: Vampire Hunter, #1)",Seth Grahame-Smith,2010,3.71,133783,mid
"Memnoch the Devil (The Vampire Chronicles, #5)",Anne Rice,1995,3.76,78813,mid
"Relic (Pendergast, #1)",Douglas Preston,1995,4.04,101675,good
Strange Weather (Hardcover),Joe Hill,2017,3.86,22126,mid
The Book of Accidents (Hardcover),Chuck Wendig,2021,3.78,15228,mid
The Book of Accidents (Hardcover),Chuck Wendig,2021,3.78,15228,mid
"Wolves of the Calla (The Dark Tower, #5)",Stephen King,2003,4.19,170948,good
"A Dowry of Blood (A Dowry of Blood, #1)",S.T. Gibson,2021,4.17,16575,good
"Crown of Shadows (Locke & Key, #3)",Joe Hill,2010,4.4,37636,good
"The Dark Tower (The Dark Tower, #7)",Stephen King,2004,4.27,160531,good
The Fall of the House of Usher: An Edgar Allan Poe Short Story (Paperback),Edgar Allan Poe,1839,3.92,52883,mid
"The Girl from the Well (The Girl from the Well, #1)",Rin Chupeco,2014,3.8,11210,mid
"The Forest of Hands and Teeth (The Forest of Hands and Teeth, #1)",Carrie Ryan,2009,3.6,84203,mid
Penpal (Paperback),Dathan Auerbach,2012,3.88,19963,mid
Night of the Mannequins (Paperback),Stephen Graham Jones,2020,3.38,11458,mid
"Asylum (Asylum, #1)",Madeleine Roux,2013,3.64,52949,mid
"The Butterfly Garden  (The Collector, #1)",Dot Hutchison,2016,4.07,154386,good
"The Monstrumologist (The Monstrumologist, #1)",Rick Yancey,2009,3.9,18746,mid
"Song of Susannah (The Dark Tower, #6)",Stephen King,2004,3.99,146348,mid
The Bachman Books (Paperback),Richard Bachman,1985,4.14,70398,good
The Best of H.P. Lovecraft: Bloodcurdling Tales of Horror and the Macabre (Paperback),H.P. Lovecraft,1963,4.31,28743,good
The Bloody Chamber and Other Stories (Paperback),Angela Carter,1979,3.95,48871,mid
The Death of Jane Lawrence (Hardcover),Caitlin  Starling,2021,3.2,12195,mid
"Gwendy's Button Box (The Button Box, #1)",Stephen King,2017,3.92,58980,mid
The Lottery and Other Stories (Paperback),Shirley Jackson,1949,4.05,71240,good
Intensity (Paperback),Dean Koontz,1995,4.04,79344,good
Battle Royale (Paperback),Koushun Takami,1999,4.25,67115,good
Night Film (Paperback),Marisha Pessl,2013,3.78,85378,mid
Hide (Hardcover),Kiersten White,2022,3.34,16071,mid
Sawkill Girls (Hardcover),Claire Legrand,2018,3.68,15714,mid
"Preludes & Nocturnes (The Sandman, #1)",Neil Gaiman,1988,4.24,247965,good
"Keys to the Kingdom (Locke & Key, #4)",Joe Hill,2011,4.38,33681,good
The Hacienda (Hardcover),Isabel Cañas,2022,3.85,18242,mid
"Small Spaces (Small Spaces, #1)",Katherine Arden,2018,4.02,20630,good
The Raven (Paperback),Edgar Allan Poe,1845,4.29,124767,good
The Cask of Amontillado - an Edgar Allan Poe Short Story (Paperback),Edgar Allan Poe,1846,4.09,71561,good
The Willows (Paperback),Algernon Blackwood,1907,4.09,10629,good
Horrid (Hardcover),Katrina Leno,2020,3.58,11501,mid
The Damnation Game (Mass Market Paperback),Clive Barker,1985,3.82,19117,mid
The Haunting of Ashburn House (Kindle Edition),Darcy Coates,2016,3.95,18058,mid
Cabal (Paperback),Clive Barker,1988,3.93,19612,mid
Necroscope (Necroscope #1),Brian Lumley,1986,4.01,20058,good
The Stepford Wives (Paperback),Ira Levin,1972,3.81,35293,mid
The Lost Village (Hardcover),Camilla Sten,2019,3.55,21392,mid
"Clockworks (Locke & Key, #5)",Joe Hill,2013,4.47,31887,good
Exquisite Corpse (Paperback),Poppy Z. Brite,1996,3.78,12956,mid
"End of Watch (Bill Hodges Trilogy, #3)",Stephen King,2016,4.09,105338,good
The Grip of It (Paperback),Jac Jemc,2017,3.22,9754,mid
Comfort Me With Apples (Hardcover),Catherynne M. Valente,2021,3.62,14380,mid
The Omen (Paperback),David Seltzer,1976,4.03,63790,good
Fever Dream (Hardcover),Samanta Schweblin,2014,3.74,29839,mid
The Eyes of the Dragon (Paperback),Stephen King,1987,3.94,117300,mid
"The Vampire Armand (The Vampire Chronicles, #6)",Anne Rice,1998,3.78,67107,mid
The Little Stranger (Paperback),Sarah Waters,2009,3.56,51611,mid
Baby Teeth (Hardcover),Zoje Stage,2018,3.62,54310,mid
"Finders Keepers (Bill Hodges Trilogy, #2)",Stephen King,2015,4.05,130485,good
Broken Monsters (Paperback),Lauren Beukes,2014,3.59,21449,mid
The Other (Mass Market Paperback),Thomas Tryon,1971,3.99,21180,mid
"Dread Nation (Dread Nation, #1)",Justina Ireland,2018,4.14,29716,good
The Changeling (Hardcover),Victor LaValle,2017,3.78,16904,mid
"I Am Not a Serial Killer (John Cleaver, #1)",Dan Wells,2009,3.79,35028,mid
The Grownup (Hardcover),Gillian Flynn,2014,3.56,117348,mid
"The Night Eternal (The Strain Trilogy, #3)",Guillermo del Toro,2011,3.7,28606,mid
Weaveworld (Paperback),Clive Barker,1987,4.13,30721,good
The Invited (Hardcover),Jennifer  McMahon,2019,3.81,23692,mid
The Great and Secret Show (Book of the Art #1),Clive Barker,1989,4.06,29630,good
White Is for Witching (Hardcover),Helen Oyeyemi,2009,3.56,10219,mid
"The Rats (Rats, #1)",James Herbert,1974,3.93,19807,mid
Fevre Dream (Paperback),George R.R. Martin,1982,3.89,25780,mid
"Uzumaki: Spiral into Horror, Vol. 1 (Paperback)",Junji Ito,1998,4.36,21595,good
"Alpha & Omega (Locke & Key, #6)",Joe Hill,2014,4.48,29560,good
Full Throttle (Hardcover),Joe Hill,2019,4.01,14402,good
"Warm Bodies (Warm Bodies, #1)",Isaac Marion,2010,3.91,102805,mid
"Off Season (Dead River, #1)",Jack Ketchum,1980,3.8,12381,mid
There's Someone Inside Your House (Hardcover),Stephanie Perkins,2017,3.4,32459,mid
"14 (Threshold, #1)",Peter Clines,2012,3.96,34145,mid
Summer Sons (Hardcover),Lee Mandelo,2021,3.82,6178,mid
"Wytches, Volume 1 (Paperback)",Scott Snyder,2014,3.8,15109,mid
"Ninth House (Alex Stern, #1)",Leigh Bardugo,2019,4.04,187813,good
At the Mountains of Madness and Other Tales of Terror (Mass Market Paperback),H.P. Lovecraft,1981,4.26,23642,good
Sour Candy (Kindle Edition),Kealan Patrick Burke,2015,3.74,9585,mid
The Masque of the Red Death (Paperback),Edgar Allan Poe,1842,4.08,33325,good
Near the Bone (Paperback),Christina Henry,2021,3.75,8335,mid
Dark Matter (Hardcover),Michelle Paver,2010,3.98,14609,mid
"Miles Behind Us (The Walking Dead, #2)",Robert Kirkman,2004,4.23,38139,good
The Good House (Paperback),Tananarive Due,2003,3.98,5992,mid
Survivor Song (Hardcover),Paul Tremblay,2020,3.63,13124,mid
Things We Lost in the Fire (Hardcover),Mariana Enríquez,2016,4.07,25609,good
The Case of Charles Dexter Ward (Paperback),H.P. Lovecraft,1941,4.15,18240,good
The Great God Pan (Paperback),Arthur Machen,1890,3.7,12195,mid
The Shadows (Paperback),Alex North,2020,3.74,44089,mid
In the Tall Grass (Audio CD),Stephen King,2012,3.65,23889,mid
I Have No Mouth and I Must Scream (Mass Market Paperback),Harlan Ellison,1967,3.9,28682,mid
Just Like Home (Hardcover),Sarah Gailey,2022,3.47,7674,mid
"Gideon the Ninth (The Locked Tomb, #1)",Tamsyn Muir,2019,4.23,84099,good
"Girl of Nightmares (Anna, #2)",Kendare Blake,2012,3.85,30624,mid
Necronomicon: The Best Weird Tales (Hardcover),H.P. Lovecraft,2008,4.2,16029,good
The Black Cat (Paperback),Edgar Allan Poe,1843,4.04,37262,good
The King in Yellow (Paperback),Robert W. Chambers,1895,3.51,13583,mid
The Monster of Elendhaven (Hardcover),Jennifer Giesbrecht,2019,3.57,7005,mid
"Welcome to Dead House (Goosebumps, #1)",R.L. Stine,1992,3.84,33291,mid
Those Across the River (Hardcover),Christopher Buehlman,2011,3.69,9665,mid
"Lasher (Lives of the Mayfair Witches, #2)",Anne Rice,1993,3.87,58972,mid
Lost Souls (Paperback),Poppy Z. Brite,1992,3.9,17250,mid
Tomie (Hardcover),Junji Ito,1987,4.12,18657,good
The Dark Descent of Elizabeth Frankenstein (Hardcover),Kiersten White,2018,3.9,18215,mid
Authority (Paperback),Jeff VanderMeer,2014,3.53,72960,mid
Brother (Paperback),Ania Ahlborn,2015,3.97,9349,mid
"Rolling in the Deep (Rolling in the Deep, #0.5)",Mira Grant,2015,3.99,7627,mid
"The Diviners (The Diviners, #1)",Libba Bray,2012,3.94,93805,mid
Danse Macabre (Paperback),Stephen King,1981,3.66,27168,mid
The Monk (Paperback),Matthew Gregory Lewis,1796,3.82,25602,mid
Dracul (Hardcover),Dacre Stoker,2018,4.13,12463,good
Elevation (Hardcover),Stephen King,2018,3.66,107893,mid
The Mummy (Ramses the Damned #1),Anne Rice,1989,3.85,45403,mid
Disappearance at Devil's Rock (Hardcover),Paul Tremblay,2016,3.59,12970,mid
Song of Kali (Paperback),Dan Simmons,1985,3.61,12568,mid
"Hannibal Rising (Hannibal Lecter, #4)",Thomas  Harris,2006,3.55,44299,mid
"This Book Is Full of Spiders (John Dies at the End, #2)",David  Wong,2012,4.25,28288,good
Gyo (Hardcover),Junji Ito,2002,3.87,17436,mid
Rage (Paperback),Richard Bachman,1977,3.75,41631,mid
Lord of the Flies (Paperback),William Golding,1954,3.69,2638528,mid
The Shadow over Innsmouth (Paperback),H.P. Lovecraft,1936,4.12,16727,good
The Fog (Paperback),James Herbert,1975,3.89,25075,mid
Harvest Home (Hardcover),Thomas Tryon,1973,3.84,8541,mid
Hidden Pictures (Hardcover),Jason Rekulak,2020,4.24,42721,good
"Jurassic Park (Jurassic Park, #1)",Michael Crichton,1990,4.07,891203,good
"Pines (Wayward Pines, #1)",Blake Crouch,2012,3.94,104331,mid
The Thief of Always (Hardcover),Clive Barker,1992,4.2,30941,good
The Collector (Paperback),John Fowles,1963,3.98,69363,mid
The Pit and the Pendulum (Paperback),Edgar Allan Poe,1842,4.19,53783,good
Burnt Offerings (Hardcover),Robert Marasco,1973,3.8,7426,mid
Craven Manor (Paperback),Darcy Coates,2017,3.95,13076,mid
Rebecca (ebook),Daphne du Maurier,1938,4.24,559491,good
Lightning (Mass Market Paperback),Dean Koontz,1988,4.08,59499,good
Seed (ebook),Ania Ahlborn,2011,3.72,11480,mid
"Safety Behind Bars (The Walking Dead, #3)",Robert Kirkman,2005,4.3,32400,good
"The Keep (Adversary Cycle, #1)",F. Paul Wilson,1981,4.0,18190,mid
White Smoke (Hardcover),Tiffany D. Jackson,2021,3.85,11072,mid
"Deadline (Newsflesh, #2)",Mira Grant,2011,4.1,25329,good
"Malorie (Bird Box, #2)",Josh Malerman,2020,3.82,18767,mid
The Metamorphosis (Paperback),Franz Kafka,1915,3.84,846994,mid
"The City of Mirrors (The Passage, #3)",Justin Cronin,2016,4.2,51422,good
"Patient Zero (Joe Ledger, #1)",Jonathan Maberry,2009,3.99,28213,mid
Sundial (Hardcover),Catriona Ward,2022,3.83,8034,mid
"Cirque Du Freak: A Living Nightmare (Cirque Du Freak, #1)",Darren Shan,2000,4.08,55499,good
Slasher Girls & Monster Boys (Kindle Edition),April Genevieve Tucholke,2015,3.87,8491,mid
The Halloween Tree (Paperback),Ray Bradbury,1972,3.79,27158,mid
"Rot & Ruin (Rot & Ruin, #1)",Jonathan Maberry,2010,4.1,34091,good
Prodigal Son (Dean Koontz's Frankenstein #1),Dean Koontz,2005,4.03,34971,good
Boy's Life (Kindle Edition),Robert McCammon,1991,4.38,30776,good
The Whisper Man (Hardcover),Alex North,2019,4.04,128060,good
The House Next Door (Mass Market Paperback),Anne Rivers Siddons,1978,3.87,10879,mid
"Darkly Dreaming Dexter (Dexter, #1)",Jeff Lindsay,2004,3.9,200529,mid
This Thing Between Us (Paperback),Gus Moreno,2021,3.78,7562,mid
The Girl in Red (Paperback),Christina Henry,2019,3.71,12439,mid
Last Days (Paperback),Adam Nevill,2012,3.81,5866,mid
The October Country (Hardcover),Ray Bradbury,1955,4.13,16615,good
A Cosmology of Monsters (Hardcover),Shaun Hamill,2019,3.78,7744,mid
The Deep (ebook),Alma Katsu,2020,3.34,7860,mid
"Anno Dracula (Anno Dracula, #1)",Kim Newman,1992,3.77,13382,mid
Dark Harvest (Paperback),Norman Partridge,2006,3.68,6609,mid
Chasing the Boogeyman (Hardcover),Richard  Chizmar,2021,4.0,15195,mid
Stolen Tongues (Kindle Edition),Felix Blackwell,2017,3.97,10664,mid
"Forever Odd (Odd Thomas, #2)",Dean Koontz,2005,3.98,73995,mid
A House at the Bottom of a Lake (Kindle Edition),Josh Malerman,2016,3.21,13492,mid
The Taking of Jake Livingston (Hardcover),Ryan Douglass,2021,3.47,9232,mid
Paperbacks from Hell: The Twisted History of '70s and '80s Horror Fiction (Paperback),Grady Hendrix,2017,4.3,7791,good
"Taltos (Lives of the Mayfair Witches, #3)",Anne Rice,1994,3.81,51483,mid
The House on the Borderland (Paperback),William Hope Hodgson,1908,3.62,7622,mid
The Return (Hardcover),Rachel   Harrison,2020,3.32,10140,mid
House of Salt and Sorrows (Hardcover),Erin A. Craig,2019,3.93,65085,mid
"Guilty Pleasures (Anita Blake, Vampire Hunter, #1)",Laurell K. Hamilton,1993,4.02,142183,good
More Scary Stories to Tell in the Dark (Hardcover),Alvin Schwartz,1984,4.11,16959,good
"Welcome to Night Vale (Welcome to Night Vale, #1)",Joseph Fink,2015,3.83,37853,mid
Shiver: Selected Stories (Hardcover),Junji Ito,2015,4.35,12609,good
The Taking (Mass Market Paperback),Dean Koontz,2004,3.79,38419,mid
The Strange Case of Dr. Jekyll and Mr. Hyde and Other Tales of Terror (Paperback),Robert Louis Stevenson,1886,3.94,119217,mid
Rules for Vanishing (Hardcover),Kate Alice Marshall,2019,3.8,7418,mid
The Bad Place (Mass Market Paperback),Dean Koontz,1990,3.93,35928,mid
"Infected (Infected, #1)",Scott Sigler,2008,3.84,20298,mid
Strangers (Paperback),Dean Koontz,1986,4.01,44327,good
"Monstress, Vol. 1: Awakening (Paperback)",Marjorie M. Liu,2016,3.96,56801,mid
"The Heart's Desire (The Walking Dead, #4)",Robert Kirkman,2005,4.2,28927,good
The Coldest Girl in Coldtown (Hardcover),Holly Black,2013,3.84,66339,mid
The Graveyard Apartment (Hardcover),Mariko Koike,1988,3.24,3540,mid
The Complete Fiction (Leather Bound),H.P. Lovecraft,1937,4.35,12258,good
The Cipher (Paperback),Kathe Koja,1991,3.57,4706,mid
Midnight (Paperback),Dean Koontz,1989,3.85,25858,mid
Zone One (Hardcover),Colson Whitehead,2011,3.26,22185,mid
Our Wives Under the Sea (Paperback),Julia Armfield,2022,3.93,9611,mid
"The Boy on the Bridge (The Girl With All the Gifts, #2)",M.R. Carey,2017,3.96,23473,mid
Certain Dark Things (Paperback),Silvia Moreno-Garcia,2016,3.75,10190,mid
Blaze (Hardcover),Richard Bachman,2007,3.75,45935,mid
"Stalking Jack the Ripper (Stalking Jack the Ripper, #1)",Kerri Maniscalco,2016,3.98,113191,mid
A Clockwork Orange (Paperback),Anthony Burgess,1962,4.0,665158,mid
Tick Tock (Paperback),Dean Koontz,1996,3.74,33055,mid
Handling the Undead (Paperback),John Ajvide Lindqvist,2005,3.48,11422,mid
"Dead Until Dark (Sookie Stackhouse, #1)",Charlaine Harris,2001,3.96,521956,mid
"American Vampire, Vol. 1 (Hardcover)",Scott Snyder,2010,3.98,24298,mid
The Castle of Otranto (Paperback),Horace Walpole,1764,3.18,29454,mid
From Hell (Paperback),Alan Moore,1999,4.18,37942,good
"The Doll's House (The Sandman, #2)",Neil Gaiman,1990,4.44,96062,good
Mister B. Gone (Hardcover),Clive Barker,2007,3.34,13687,mid
Acceptance (Paperback),Jeff VanderMeer,2014,3.62,56155,mid
"Merrick (The Vampire Chronicles, #7)",Anne Rice,2000,3.75,40945,mid
A Stir of Echoes (Paperback),Richard Matheson,1958,3.87,13420,mid
Lakewood (Hardcover),Megan Giddings,2020,3.52,9363,mid
Mapping the Interior (ebook),Stephen Graham Jones,2017,3.81,4908,mid
Trigger Warning: Short Fictions and Disturbances (Hardcover),Neil Gaiman,2015,3.92,57360,mid
"Something is Killing the Children, Vol. 1 (Paperback)",James Tynion IV,2020,4.14,11660,good
The Croning (Hardcover),Laird Barron,2012,3.74,4458,mid
Drawing Blood (Paperback),Poppy Z. Brite,1993,4.02,10097,good
In the Miso Soup (Paperback),Ryū Murakami,1997,3.62,24036,mid
"Brother Odd (Odd Thomas, #3)",Dean Koontz,2006,4.0,64069,mid
Shadowland (Mass Market Paperback),Peter Straub,1980,3.9,11879,mid
When the Reckoning Comes (Paperback),LaTanya McQueen,2021,3.72,4039,mid
"The Screaming Staircase (Lockwood & Co., #1)",Jonathan Stroud,2013,4.22,39788,good
In the House in the Dark of the Woods (Hardcover),Laird Hunt,2018,3.32,5857,mid
Hideaway (Mass Market Paperback),Dean Koontz,1992,3.86,34652,mid
And the Trees Crept In (Hardcover),Dawn Kurtagich,2016,3.56,5818,mid
"Ghost Road Blues (Pine Deep, #1)",Jonathan Maberry,2006,3.78,8101,mid
Kin (Hardcover),Kealan Patrick Burke,2011,3.91,4362,mid
"The Merciless (The Merciless, #1)",Danielle Vega,2014,3.59,15483,mid
A Certain Hunger (Audible Audio),Chelsea G. Summers,2019,3.95,11932,mid
The Children on the Hill (Hardcover),Jennifer  McMahon,2022,3.89,13735,mid
"American Gods (American Gods, #1)",Neil Gaiman,2001,4.11,857803,good
"The Best Defense (The Walking Dead, #5)",Robert Kirkman,2006,4.28,25004,good
Imajica (Paperback),Clive Barker,1991,4.17,22053,good
Burn Our Bodies Down (ebook),Rory Power,2020,3.54,9361,mid
The King in Yellow and Other Horror Stories (Paperback),Robert W. Chambers,1970,3.69,7913,mid
Fledgling (Paperback),Octavia E. Butler,2005,3.85,26353,mid
"Pandora (New Tales of the Vampires, #1)",Anne Rice,1998,3.78,43669,mid
The Shining Girls (Hardcover),Lauren Beukes,2013,3.54,46720,mid
"Tokyo Ghoul, Tome 1 (Tokyo Ghoul, #1)",Sui Ishida,2012,4.42,121144,good
Mongrels (Hardcover),Stephen Graham Jones,2016,3.94,6224,mid
The Fall of the House of Usher and Other Tales (Paperback),Edgar Allan Poe,1849,4.17,71477,good
One Past Midnight: The Langoliers (Audio Cassette),Stephen King,1990,3.92,38101,mid
"Night of the Living Dummy (Goosebumps, #7)",R.L. Stine,1993,3.84,28150,mid
"The Murders of Molly Southbourne (Molly Southbourne, #1)",Tade Thompson,2017,3.82,5075,mid
Wylding Hall (ebook),Elizabeth Hand,2015,3.83,5365,mid
"Blackout (Newsflesh, #3)",Mira Grant,2012,4.09,21931,good
The Bone Houses (Hardcover),Emily Lloyd-Jones,2019,4.01,17200,good
Lock Every Door (ebook),Riley Sager,2019,3.91,142835,mid
Between Two Fires (Hardcover),Christopher Buehlman,2012,4.24,7921,good
Sharp Objects (Paperback),Gillian Flynn,2006,4.01,870363,good
Suffer the Children (Paperback),John Saul,1977,3.92,30000,mid
The Wind Through the Keyhole (Kindle Edition),Stephen King,2012,4.15,75554,good
"Chilling Adventures of Sabrina, Vol. 1: The Crucible (Paperback)",Roberto Aguirre-Sacasa,2016,3.95,12548,mid
The Last Days of Jack Sparks (Paperback),Jason Arnopp,2016,3.89,7718,mid
Gallant (Hardcover),V.E. Schwab,2022,3.8,54410,mid
"Blood And Gold (The Vampire Chronicles, #8)",Anne Rice,2001,3.91,33614,mid
I Remember You (Paperback),Yrsa Sigurðardóttir,2010,3.86,9579,mid
The Dangers of Smoking in Bed (Hardcover),Mariana Enríquez,2009,3.88,18918,mid
More Tales to Chill Your Bones (Paperback),Alvin Schwartz,1991,4.16,15145,good
Collected Ghost Stories (Hardcover),M.R. James,1931,4.14,7175,good
Growing Things and Other Stories (Hardcover),Paul Tremblay,2019,3.5,5287,mid
The Child Thief (Hardcover),Brom,2009,4.09,16405,good
The Bad Seed (Paperback),William March,1954,4.03,17795,good
The Drowning Kind (Hardcover),Jennifer  McMahon,2021,3.83,19487,mid
"Say Cheese and Die! (Goosebumps, #4)",R.L. Stine,1992,3.77,24059,mid
The Scarlet Gospels (Hardcover),Clive Barker,2015,3.49,8726,mid
Shutter Island (Mass Market Paperback),Dennis Lehane,2003,4.1,181092,good
The Dunwich Horror and Others (Hardcover),H.P. Lovecraft,1929,4.19,14752,good
Songs of a Dead Dreamer and Grimscribe (Paperback),Thomas Ligotti,2015,3.99,3921,mid
Twilight Eyes (Paperback),Dean Koontz,1985,3.91,26089,mid
"This Sorrowful Life (The Walking Dead, #6)",Robert Kirkman,2007,4.3,23756,good
"The Reapers are the Angels (Reapers, #1)",Alden Bell,2010,3.89,11684,mid
A Winter Haunting (Seasons of Horror #4),Dan Simmons,2002,3.6,8994,mid
Fragments of Horror (Hardcover),Junji Ito,2014,4.1,11492,good
"The Madman's Daughter (The Madman's Daughter, #1)",Megan Shepherd,2013,3.67,23576,mid
Whispers (Paperback),Dean Koontz,1980,3.93,32394,mid
Dark Places (Hardcover),Gillian Flynn,2009,3.95,674645,mid
Experimental Film (Paperback),Gemma Files,2015,3.6,2548,mid
Little Heaven (Hardcover),Nick Cutter,2017,3.79,5367,mid
They Thirst (Hardcover),Robert McCammon,1981,3.91,12008,mid
Sorrowland (Hardcover),Rivers Solomon,2021,3.82,8683,mid
Wakenhyrst (Hardcover),Michelle Paver,2019,3.88,14336,mid
The Carrow Haunt (Kindle Edition),Darcy Coates,2018,4.11,8620,good
"Books of Blood, Volume Two (Books of Blood, #2)",Clive Barker,1984,4.09,11132,good
The Devil All the Time (Hardcover),Donald Ray Pollock,2011,4.12,30661,good
The Walking Dead: Compendium One (Paperback),Robert Kirkman,2009,4.44,67404,good
"Neverwhere (London Below, #1)",Neil Gaiman,1996,4.17,486349,good
FantasticLand (Hardcover),Mike Bockoven,2016,3.99,9173,mid
The Invisible Man (Paperback),H.G. Wells,1897,3.64,173672,mid
"Afraid (Afraid, #1)",Jack Kilborn,2008,3.91,9127,mid
The Dead and the Dark (Hardcover),Courtney Gould,2021,3.95,6259,mid
The Funhouse (Paperback),Dean Koontz,1980,3.64,22637,mid
False Memory (Paperback),Dean Koontz,1999,3.89,45257,mid
Geek Love (Paperback),Katherine Dunn,1989,3.96,62762,mid
Roadwork (Paperback),Richard Bachman,1981,3.6,33559,mid
The Complete Works of H.P. Lovecraft (Kindle Edition),H.P. Lovecraft,1978,4.35,16093,good
The Cellar (Paperback),Richard Laymon,1980,3.65,7552,mid
Revenge (Paperback),Yōko Ogawa,1998,4.01,15996,good
The Day of the Triffids (Paperback),John Wyndham,1951,4.01,99957,good
The Saturday Night Ghost Club (Hardcover),Craig Davidson,2018,3.89,12962,mid
"Blackwood Farm (The Vampire Chronicles, #9)",Anne Rice,2002,3.88,31828,mid
The Burning Girls (Hardcover),C.J. Tudor,2021,4.04,27090,good
The Rising (The Rising #1),Brian Keene,2003,3.8,9946,mid
The Woman in White (Paperback),Wilkie Collins,1859,4.0,144948,mid
Manhunt (Paperback),Gretchen Felker-Martin,2022,3.64,4244,mid
"The Calm Before (The Walking Dead, #7)",Robert Kirkman,2007,4.26,21920,good
"Made to Suffer (The Walking Dead, #8)",Robert Kirkman,2008,4.45,26282,good
The Night Sister (Hardcover),Jennifer  McMahon,2015,3.7,21038,mid
"Fear Nothing (Moonlight Bay, #1)",Dean Koontz,1997,4.0,36277,mid
Remina (Hardcover),Junji Ito,2005,3.67,10101,mid
"Uzumaki: Spiral into Horror, Vol. 2. (Paperback)",Junji Ito,1999,4.32,11040,good
"Here We Remain (The Walking Dead, #9)",Robert Kirkman,2009,4.24,18063,good
"Darkhouse (Experiment in Terror, #1)",Karina Halle,2011,3.77,17116,mid
Smashed: Junji Ito Story Collection (Hardcover),Junji Ito,2019,4.13,10068,good
The Hatching (The Hatching #1),Ezekiel Boone,2016,3.67,6092,mid
Maplecroft (The Borden Dispatches #1),Cherie Priest,2014,3.58,4448,mid
"Bad Girls Don't Die (Bad Girls Don't Die, #1)",Katie Alender,2009,4.02,28035,good
All's Well (Hardcover),Mona Awad,2021,3.66,10124,mid
"Lord Loss (The Demonata, #1)",Darren Shan,2005,4.23,21845,good
The Imago Sequence and Other Stories (Hardcover),Laird Barron,2007,4.01,3710,good
Teatro Grottesco (Hardcover),Thomas Ligotti,2006,4.1,4496,good
"The Call (The Call, #1)",Peadar Ó Guilín,2016,3.84,13080,mid
"The Descent (Descent, #1)",Jeff Long,1999,3.96,8180,mid
The Family Plot (Hardcover),Cherie Priest,2016,3.65,3529,mid
"Twilight (The Twilight Saga, #1)",Stephenie Meyer,2005,3.63,5922520,mid
Lost Boy: The True Story of Captain Hook (Paperback),Christina Henry,2017,4.22,21604,good
The Vampyre (Paperback),John William Polidori,1819,3.31,9572,mid
The Vegetarian (Hardcover),Han Kang,2007,3.59,131213,mid
The Shuddering (Paperback),Ania Ahlborn,2013,3.73,5338,mid
The Anomaly (The Anomaly Files #1),Michael Rutger,2018,3.79,9867,mid
"Stay Out of the Basement  (Goosebumps, #2)",R.L. Stine,1992,3.69,18908,mid
"The Haunted Mask (Goosebumps, #11)",R.L. Stine,1993,3.84,21154,mid
"What We Become (The Walking Dead, #10)",Robert Kirkman,2009,4.27,18053,good
The Red Tree (Paperback),Caitlín R. Kiernan,2009,3.66,3323,mid
Velocity (Mass Market Paperback),Dean Koontz,2005,3.87,61858,mid
House of Hunger (Hardcover),Alexis Henderson,2022,3.75,1928,mid
"This is Not a Test (This is Not a Test, #1)",Courtney Summers,2012,3.85,14061,mid
"The Atrocity Archives (Laundry Files, #1)",Charles Stross,2004,3.9,24222,mid
Coldheart Canyon (Paperback),Clive Barker,2001,3.7,8071,mid
Apt Pupil (Paperback),Stephen King,1982,3.91,31211,mid
The Monkey's Paw (Hardcover),W.W. Jacobs,1902,3.84,12359,mid
Earthlings (Hardcover),Sayaka Murata,2018,3.58,28317,mid
The Last Werewolf (The Last Werewolf #1),Glen Duncan,2011,3.46,15643,mid
"Uzumaki: Spiral Into Horror, Vol. 3 (Paperback)",Junji Ito,1999,4.26,9966,good
The Pallbearers Club (Hardcover),Paul Tremblay,2022,3.22,4649,mid
The Chalk Man (Hardcover),C.J. Tudor,2017,3.71,89258,mid
The Traveling Vampire Show (Mass Market Paperback),Richard Laymon,2000,3.84,8389,mid
City of Night (Dean Koontz's Frankenstein #2),Dean Koontz,2005,3.99,22641,mid
Slewfoot: A Tale of Bewitchery (Hardcover),Brom,2021,4.35,5203,good
"Ararat (Ben Walker, #1)",Christopher Golden,2017,3.38,5735,mid
North American Lake Monsters (Hardcover),Nathan Ballingrud,2013,4.0,4218,mid
Legion (Hardcover),William Peter Blatty,1983,3.72,10343,mid
Audition (Hardcover),Ryū Murakami,1997,3.52,9607,mid
"What the Hell Did I Just Read (John Dies at the End, #3)",David  Wong,2017,4.16,12271,good
This House Is Haunted (Hardcover),John Boyne,2013,3.6,12900,mid
The Wendigo (Paperback),Algernon Blackwood,1910,3.82,5351,mid
Cold Fire (Paperback),Dean Koontz,1991,3.82,24649,mid
"30 Days of Night, Vol. 1 (Paperback)",Steve Niles,2004,3.79,19521,mid
Lullaby (Paperback),Chuck Palahniuk,2002,3.74,94738,mid
Fairy Tale (Hardcover),Stephen King,2022,4.29,38053,good
The Patient (Kindle Edition),Jasper DeWitt,2020,3.51,11875,mid
"Rise of the Governor (The Walking Dead: Novels, #1)",Robert Kirkman,2011,3.89,19271,mid
"I Hunt Killers (I Hunt Killers, #1)",Barry Lyga,2012,4.02,37663,good
Harbor (Hardcover),John Ajvide Lindqvist,2008,3.66,7250,mid
The Devil Crept In (Paperback),Ania Ahlborn,2017,3.64,4864,mid
Storm of the Century (Paperback),Stephen King,1999,3.95,22925,mid
Dragon Tears (Paperback),Dean Koontz,1993,3.76,22265,mid
Fellside (Hardcover),M.R. Carey,2016,3.57,13469,mid
"Fear the Hunters (The Walking Dead, #11)",Robert Kirkman,2010,4.32,18091,good
"Harrow County, Vol. 1: Countless Haints (Paperback)",Cullen Bunn,2015,4.04,5946,good
Mr. Murder (Paperback),Dean Koontz,1993,3.78,26104,mid
The Vampire's Assistant (Cirque du Freak #2),Darren Shan,2000,4.13,41707,good
"The Inhuman Condition (Books of Blood, #4)",Clive Barker,1985,3.96,7890,mid
No One Gets Out Alive (Paperback),Adam Nevill,2014,3.69,3819,mid
Servant of the Bones (Hardcover),Anne Rice,1996,3.74,29720,mid
Suffer the Children (Paperback),Craig DiLouie,2014,3.91,3464,mid
Gone to See the River Man (Kindle Edition),Kristopher Triana,2020,3.72,6235,mid
The Boatman's Daughter (Paperback),Andy  Davidson,2020,3.52,3750,mid
The Beautiful Thing That Awaits Us All (Hardcover),Laird Barron,2013,3.98,3672,mid
"The Laughing Corpse (Anita Blake, Vampire Hunter, #2)",Laurell K. Hamilton,1994,4.12,82740,good
The Book of Lost Things (Hardcover),John Connolly,2006,3.95,74818,mid
Naomi's Room (Paperback),Jonathan Aycliffe,1991,3.69,4295,mid
The Haunted (Paperback),Bentley Little,2012,3.57,7767,mid
Drood (Hardcover),Dan Simmons,2009,3.52,15602,mid
The Wolf's Hour (Michael Gallatin #1),Robert McCammon,1989,4.07,10921,good
Children of the Night (Seasons of Horror #2),Dan Simmons,1992,3.72,7561,mid
77 Shadow Street (Hardcover),Dean R. Koontz,2011,3.36,20366,mid
"The Walking Dead, Book One (Hardcover)",Robert Kirkman,2004,4.35,36508,good
Under the Skin (Paperback),Michel Faber,2000,3.74,23603,mid
The Store (Paperback),Bentley Little,1996,3.85,7537,mid
"Nightmare at 20,000 Feet (Paperback)",Richard Matheson,2002,4.07,7672,good
"Odd Hours (Odd Thomas, #4)",Dean Koontz,2008,3.96,45331,mid
"Too Far Gone (The Walking Dead, #13)",Robert Kirkman,2010,4.21,14915,good
Invasion of the Body Snatchers (Paperback),Jack Finney,1955,3.9,21045,mid
The Rats in the Walls (Paperback),H.P. Lovecraft,1924,4.02,8754,good
The Broken Girls (Kindle Edition),Simone St. James,2018,4.07,81814,good
The Rats in the Walls (Paperback),H.P. Lovecraft,1924,4.02,8754,good
"Meg (MEG, #1)",Steve Alten,1997,3.76,20510,mid
Smoke and Mirrors: Short Fiction and Illusions (Mass Market Paperback),Neil Gaiman,1998,4.02,68776,good
"Life Among Them (The Walking Dead, #12)",Robert Kirkman,2010,4.31,19752,good
"Night Watch (Watch, #1)",Sergei Lukyanenko,1998,3.97,42038,mid
Fragile Things: Short Fictions and Wonders (Paperback),Neil Gaiman,2006,3.96,66844,mid
Doll Bones (Hardcover),Holly Black,2013,3.68,27371,mid
"Vittorio, The Vampire (New Tales of the Vampires, #2)",Anne Rice,1999,3.53,27009,mid
What Big Teeth (Hardcover),Rose Szabo,2021,3.42,4963,mid
Black Hole (Hardcover),Charles Burns,2005,3.84,46939,mid
Within These Walls (Paperback),Ania Ahlborn,2015,3.61,4389,mid
Bone White (Paperback),Ronald Malfi,2017,3.89,3873,mid
172 Hours on the Moon (Paperback),Johan Harstad,2008,3.54,12847,mid
"Unwind (Unwind, #1)",Neal Shusterman,2007,4.17,213020,good
Goth (Paperback),Otsuichi,2002,4.05,3739,good
"Revenge of the Witch (The Last Apprentice / Wardstone Chronicles, #1)",Joseph Delaney,2004,4.0,46648,mid
Creepshow (Paperback),Stephen King,1982,4.07,37558,good
Just Like Mother (Hardcover),Anne Heltzel,2022,3.74,4477,mid
Zombie (Paperback),Joyce Carol Oates,1995,3.34,9841,mid
The Last Final Girl (Paperback),Stephen Graham Jones,2012,3.14,2943,mid
Last Days (Paperback),Brian Evenson,2009,3.78,3652,mid
"Haunted (David Ash, #1)",James Herbert,1988,3.79,7195,mid
From the Corner of His Eye (Mass Market Paperback),Dean Koontz,2000,4.05,31143,good
You Should Have Left (Kindle Edition),Daniel Kehlmann,2016,3.5,5831,mid
"The Enemy (The Enemy, #1)",Charlie Higson,2009,4.1,23223,good
"Down Among the Sticks and Bones (Wayward Children, #2)",Seanan McGuire,2017,4.15,44245,good
The Door to December (Paperback),Richard Paige,1985,3.96,36578,mid
The Night Gardener (Hardcover),Jonathan Auxier,2014,4.06,18519,good
The Toll (Paperback),Cherie Priest,2019,3.42,2760,mid
"Hollow City (Miss Peregrine's Peculiar Children, #2)",Ransom Riggs,2014,4.06,223146,good
Ghost Stories of an Antiquary (Paperback),M.R. James,1904,4.07,4855,good
"Books of Blood, Volume Three (Books of Blood, #3)",Clive Barker,1984,4.17,11380,good
"Reliquary (Pendergast, #2)",Douglas Preston,1997,4.03,43384,good
"Vamphyri! (Necroscope, #2)",Brian Lumley,1988,4.11,7497,good
The Ghost Tree (Paperback),Christina Henry,2020,3.82,4667,mid
American Elsewhere (Paperback),Robert Jackson Bennett,2013,3.78,6378,mid
Road of Bones (Hardcover),Christopher Golden,2022,3.46,2974,mid
"Metro 2033 (Metro, #1)",Dmitry Glukhovsky,2002,4.0,53738,mid
Night Chills (Paperback),Dean Koontz,1976,3.89,25248,mid
"Blood Canticle (The Vampire Chronicles, #10)",Anne Rice,2003,3.73,23343,mid
The Devil in Silver (Hardcover),Victor LaValle,2012,3.55,4867,mid
Cackle (Paperback),Rachel   Harrison,2021,3.71,11677,mid
Hunted (Kindle Edition),Darcy Coates,2018,4.08,9512,good
Who Goes There? (Paperback),John W. Campbell Jr.,1938,3.82,8337,mid
Floating Dragon (Paperback),Peter Straub,1982,3.84,11901,mid
"The Curse of the Wendigo (The Monstrumologist, #2)",Rick Yancey,2010,4.17,7207,good
"Circus of the Damned (Anita Blake, Vampire Hunter, #3)",Laurell K. Hamilton,1995,4.16,91923,good
The Lesser Dead (Hardcover),Christopher Buehlman,2014,4.03,4135,good
"Hater (Hater, #1)",David Moody,2006,3.65,10079,mid
The Thing on the Doorstep and Other Weird Stories (Paperback),H.P. Lovecraft,1937,4.29,9492,good
The Weight of Blood (Hardcover),Tiffany D. Jackson,2022,4.35,3694,good
"City of Ghosts (Cassidy Blake, #1)",Victoria Schwab,2018,3.9,56681,mid
The Loney (Hardcover),Andrew Michael Hurley,2014,3.27,15104,mid
"Dream Country (The Sandman, #3)",Neil Gaiman,1990,4.24,112529,good
The Secret of Crickley Hall (Hardcover),James Herbert,2006,3.91,8731,mid
Suicide Forest (World's Scariest Places #1),Jeremy Bates,2014,3.7,5890,mid
The Mary Shelley Club (Hardcover),Goldy Moldavsky,2021,3.94,7416,mid
The Replacement (Hardcover),Brenna Yovanoff,2010,3.55,19682,mid
Tunnels of Blood (Cirque du Freak #3),Darren Shan,2000,4.14,35925,good
Ghost Wall (Hardcover),Sarah Moss,2018,3.77,19663,mid
"Attack on Titan, Vol. 1 (Attack on Titan, #1)",Hajime Isayama,2009,4.47,198895,good
Daughters Unto Devils (Hardcover),Amy Lukavics,2015,3.58,3860,mid
"Your House Is on Fire, Your Children All Gone (Paperback)",Stefan Kiesbye,2012,3.32,3679,mid
"Johannes Cabal the Necromancer (Johannes Cabal, #1)",Jonathan L. Howard,2009,3.92,19339,mid
"Monster Blood (Goosebumps, #3)",R.L. Stine,1992,3.52,12056,mid
"Spiral (Ring, #2)",Kōji Suzuki,1995,3.76,5674,mid
"The Three (The Three, #1)",Sarah Lotz,2014,3.31,13602,mid
We Need to Talk About Kevin (Paperback),Lionel Shriver,2003,4.07,181910,good
The Midwich Cuckoos (Mass Market Paperback),John Wyndham,1957,3.92,22460,mid
Alice Isn't Dead (Hardcover),Joseph Fink,2018,3.65,7655,mid
"No Way Out (The Walking Dead, #14)",Robert Kirkman,2011,4.32,17069,good
"Mr. Monster (John Cleaver, #2)",Dan Wells,2010,4.11,12933,good
Thornhill (Kindle Edition),Pam Smy,2017,3.78,11634,mid
Tales of H.P. Lovecraft (Paperback),H.P. Lovecraft,1935,4.23,9150,good
"Dead Voices (Small Spaces, #2)",Katherine Arden,2019,4.07,7778,good
Come with Me (Kindle Edition),Ronald Malfi,2021,4.02,6005,good
"Hammers on Bone (Persons Non Grata, #1)",Cassandra Khaw,2016,3.64,3625,mid
"Lockdown (Escape from Furnace, #1)",Alexander Gordon Smith,2009,4.11,19101,good
Hell Followed With Us (Hardcover),Andrew Joseph White,2022,4.26,3771,good
Cursed Bunny (Paperback),Bora Chung,2017,3.91,5241,mid
Demon Seed (Paperback),Dean Koontz,1973,3.44,14813,mid
The Turn of the Key (Hardcover),Ruth Ware,2019,3.94,216788,mid
Occultation and Other Stories (Hardcover),Laird Barron,2010,4.08,3174,good
The Need (Hardcover),Helen          Phillips,2019,3.15,13063,mid
Frankenstein in Baghdad (Paperback),Ahmed Saadawi,2013,3.57,14103,mid
Cold Moon Over Babylon (Paperback),Michael McDowell,1980,3.98,3190,mid
"One Day at Horrorland (Goosebumps, #16)",R.L. Stine,1994,3.91,17922,mid
Foe (Hardcover),Iain Reid,2018,3.72,13802,mid
"Lair (Rats, #2)",James Herbert,1979,3.94,7154,mid
Billy Summers (Hardcover),Stephen King,2021,4.24,108112,good
Catherine House (Hardcover),Elisabeth    Thomas,2020,3.11,21364,mid
Beloved (Kindle Edition),Toni Morrison,1987,3.92,387813,mid
"Petals on the Wind (Dollanganger, #2)",V.C. Andrews,1980,3.82,60599,mid
The Loop (Hardcover),Jeremy Robert Johnson,2020,3.42,4260,mid
When I Arrived at the Castle (Paperback),Emily Carroll,2019,3.7,3973,mid
We Are All Completely Fine (Paperback),Daryl Gregory,2014,3.75,4077,mid
"The Wide, Carnivorous Sky and Other Monstrous Geographies (Paperback)",John  Langan,2013,4.08,2399,good
How to Sell a Haunted House (Hardcover),Grady Hendrix,2023,4.14,266,good
The War of the Worlds (Paperback),H.G. Wells,1897,3.83,284692,mid
The Dream Cycle of H.P. Lovecraft: Dreams of Terror and Death (Paperback),H.P. Lovecraft,1934,4.23,6855,good
Nightbitch (Hardcover),Rachel Yoder,2021,3.66,18621,mid
"We Find Ourselves (The Walking Dead, #15)",Robert Kirkman,2011,4.12,12897,good
"What the Night Knows (What the Night Knows, #1)",Dean Koontz,2010,3.77,19870,mid
UR (Kindle Edition),Stephen King,2009,3.72,19233,mid
The Dark (Paperback),James Herbert,1980,3.84,6728,mid
"Empire of the Vampire (Empire of the Vampire, #1)",Jay Kristoff,2021,4.41,25254,good
The Diary of Ellen Rimbauer: My Life at Rose Red (Mass Market Paperback),Joyce Reardon,2001,3.69,9801,mid
Frankenstein (Paperback),Junji Ito,1999,3.99,7002,mid
Goddess of Filth (Paperback),V. Castro,2021,3.75,2246,mid
Venus in the Blind Spot (Hardcover),Junji Ito,2019,4.14,7242,good
"You (You, #1)",Caroline Kepnes,2014,3.95,207117,mid
Life Expectancy (Paperback),Dean Koontz,2005,3.99,35652,mid
Sunshine (Mass Market Paperback),Robin McKinley,2003,3.84,40847,mid
El horror de Dunwich (Paperback),H.P. Lovecraft,1929,3.81,7874,mid
The Hole (Hardcover),Hye-Young Pyun,2016,3.38,5067,mid
Universal Harvester (Hardcover),John Darnielle,2017,3.22,15233,mid
"The Summer I Died (The Roger Huntington Saga, #1)",Ryan C. Thomas,2006,3.86,3001,mid
"Monster Island (Monster Island, #1)",David Wellington,2004,3.6,10642,mid
Dark Water (Paperback),Kōji Suzuki,1996,3.62,4023,mid
Sole Survivor (Paperback),Dean Koontz,1997,3.8,28940,mid
Ten (Hardcover),Gretchen McNeil,2012,3.68,15265,mid
The Woods Are Dark (Paperback),Richard Laymon,1981,3.57,4915,mid
Harrow Lake (Hardcover),Kat Ellis,2020,3.56,3888,mid
The Reddening (Hardcover),Adam Nevill,2019,3.7,3434,mid
The Servants of Twilight (Paperback),Leigh Nichols,1984,3.9,20809,mid
"Seize the Night (Moonlight Bay, #2)",Dean Koontz,1998,4.09,28107,good
The Silence (Paperback),Tim Lebbon,2015,3.82,5410,mid
Song for the Unraveling of the World (Paperback),Brian Evenson,2019,3.89,2650,mid
The Supernatural Enhancements (Hardcover),Edgar Cantero,2014,3.64,7022,mid
"The Lunatic Cafe (Anita Blake, Vampire Hunter #4)",Laurell K. Hamilton,1996,4.12,76407,good
Leech (Hardcover),Hiron Ennes,2022,3.84,829,mid
The Complete Tales and Poems (Hardcover),Edgar Allan Poe,1938,4.49,8928,good
The Auctioneer (Paperback),Joan Samson,1976,3.82,2471,mid
We Need to Do Something (Paperback),Max Booth III,2020,3.52,3505,mid
"Outcast, Vol. 1: A Darkness Surrounds Him (Paperback)",Robert Kirkman,2015,3.85,8280,mid
Pine (Hardcover),Francine Toon,2020,3.4,11463,mid
Stinger (Kindle Edition),Robert McCammon,1988,3.89,7966,mid
Devil House (Hardcover),John Darnielle,2022,3.33,7661,mid
The Daughter of Doctor Moreau (Hardcover),Silvia Moreno-Garcia,2022,3.69,8772,mid
When No One Is Watching (Paperback),Alyssa Cole,2020,3.53,70064,mid
"Seed of Destruction (Hellboy, #1)",Mike Mignola,1994,4.14,70715,good
Winter Moon (Paperback),Dean Koontz,1994,3.86,17704,mid
"Bloody Bones (Anita Blake, Vampire Hunter #5)",Laurell K. Hamilton,1996,4.11,72383,good
"The Curse of the Mummy's Tomb (Goosebumps, #5)",R.L. Stine,1993,3.67,14521,mid
Dead and Alive (Dean Koontz's Frankenstein #3),Dean Koontz,2009,4.02,24591,good
"Living Dead in Dallas (Sookie Stackhouse, #2)",Charlaine Harris,2002,3.96,244652,mid
"A Larger World (The Walking Dead, #16)",Robert Kirkman,2012,4.16,12039,good
The Book of Cold Cases (Hardcover),Simone St. James,2022,3.83,68000,mid
Koko (Paperback),Peter Straub,1988,3.59,9360,mid
"Season of Mists (The Sandman, #4)",Neil Gaiman,1990,4.54,71263,good
"The Source (Necroscope, #3)",Brian Lumley,1989,4.15,6479,good
Usher's Passing (Mass Market Paperback),Robert McCammon,1984,3.94,4808,mid
"The Dead-Tossed Waves (The Forest of Hands and Teeth, #2)",Carrie Ryan,2010,3.91,30609,mid
Small Favors (Hardcover),Erin A. Craig,2021,4.05,11077,good
The Companion (Hardcover),Katie Alender,2020,3.85,5736,mid
The Boy Who Drew Monsters (Hardcover),Keith Donohue,2014,3.48,6586,mid
The Face (Mass Market Paperback),Dean Koontz,2003,3.73,21797,mid
Unbury Carol (Hardcover),Josh Malerman,2018,3.33,5196,mid
"The Low, Low Woods (Hardcover)",Carmen Maria Machado,2020,3.94,3799,mid
House (Kindle Edition),Frank E. Peretti,2006,3.57,25379,mid
Reprieve (Hardcover),James Han Mattson,2021,3.43,4553,mid
Woom (Kindle Edition),Duncan Ralston,2016,3.43,9597,mid
Survive the Night (Hardcover),Riley Sager,2021,3.51,82415,mid
The Dream-Quest of Unknown Kadath (Mass Market Paperback),H.P. Lovecraft,1943,3.96,6675,mid
Echo (Hardcover),Thomas Olde Heuvelt,2019,3.54,3529,mid
"Sanctum (Asylum, #2)",Madeleine Roux,2014,3.88,17652,mid
Krampus: The Yule Lord (Hardcover),Brom,2012,4.1,7305,good
Island (Paperback),Richard Laymon,1991,3.79,6370,mid
"Sandman Slim (Sandman Slim, #1)",Richard Kadrey,2009,3.94,35143,mid
Everville (Book of the Art #2),Clive Barker,1994,4.04,10543,good
The Canterville Ghost (Hardcover),Oscar Wilde,1887,3.88,66199,mid
The Merry Spinster: Tales of Everyday Horror (Paperback),Daniel M. Lavery,2018,3.3,5985,mid
"Something to Fear (The Walking Dead, #17)",Robert Kirkman,2012,4.33,13300,good
Darkness (Paperback),John Saul,1991,3.95,20855,mid
"Day by Day Armageddon (Day by Day Armageddon, #1)",J.L. Bourne,2004,4.01,17417,good
Wanderers (ebook),Chuck Wendig,2019,3.97,20392,mid
The Body (Paperback),Robin Waterfield,1982,4.28,40321,good
Thirteen Storeys (Paperback),Jonathan Sims,2020,3.93,3804,mid
The Bird Eater (Audio CD),Ania Ahlborn,2014,3.51,8110,mid
Anya's Ghost (Hardcover),Vera Brosgol,2011,3.91,79663,mid
Blockade Billy (Hardcover),Stephen King,2010,3.46,21174,mid
"The First Days (As the World Dies, #1)",Rhiannon Frater,2008,3.77,9642,mid
The Demonologist (Hardcover),Andrew Pyper,2013,3.32,9290,mid
"Vampire Mountain (Cirque Du Freak, #4)",Darren Shan,2001,4.16,32561,good
Dagon (Kindle Edition),H.P. Lovecraft,1917,3.7,7485,mid
Inspection (Kindle Edition),Josh Malerman,2019,3.48,6722,mid
The Drowning Girl (Paperback),Caitlín R. Kiernan,2012,3.72,5043,mid
"Snow, Glass, Apples (Hardcover)",Colleen Doran,2019,4.1,10063,good
Blindness (Kindle Edition),José Saramago,1996,4.16,252109,good
Wait Till Helen Comes (Paperback),Mary Downing Hahn,1986,4.13,21996,good
By the Light of the Moon (Paperback),Dean Koontz,2002,3.88,24558,mid
"My Favorite Thing Is Monsters, Vol. 1 (My Favorite Thing Is Monsters, #1)",Emil Ferris,2017,4.22,20108,good
"Prince Lestat (The Vampire Chronicles, #11)",Anne Rice,2014,3.82,22020,mid
"My Soul to Keep (African Immortals, #1)",Tananarive Due,1997,4.15,5587,good
Falling Angel (Hardcover),William Hjortsberg,1978,3.91,4608,mid
"The Tomb (Repairman Jack, #1)",F. Paul Wilson,1984,4.05,8296,good
Wormwood (Mass Market Paperback),Poppy Z. Brite,1993,3.92,5534,mid
Shutter (Hardcover),Courtney Alameda,2015,3.77,2838,mid
"Harrow the Ninth (The Locked Tomb, #2)",Tamsyn Muir,2020,4.29,39567,good
The Enigma of Amigara Fault (ebook),Junji Ito,2002,4.35,6847,good
"The Living Dead (The Living Dead, #1)",John Joseph Adams,2008,3.85,9082,mid
"Trials of Death (Cirque Du Freak, #5)",Darren Shan,2001,4.25,30299,good
The Woods Are Always Watching (Hardcover),Stephanie Perkins,2021,3.08,6320,mid
"Death Note, Vol. 1: Boredom (Death Note, #1)",Tsugumi Ohba,2004,4.46,259567,good
Dark Tales (Hardcover),Shirley Jackson,2016,4.02,5465,good
Strange Highways (Hardcover),Dean Koontz,1995,3.87,19481,mid
Wonderland (Hardcover),Zoje Stage,2020,3.11,3793,mid
Riding the Bullet (Audio Cassette),Stephen King,2000,3.65,16536,mid
Goblin (Hardcover),Josh Malerman,2017,3.42,3693,mid
Apartment 16 (Paperback),Adam Nevill,2010,3.19,4662,mid
"Welcome to Camp Nightmare  (Goosebumps, #9)",R.L. Stine,1993,3.78,15524,mid
"Odd Apocalypse (Odd Thomas, #5)",Dean Koontz,2012,3.98,27479,mid
The Book Eaters (Hardcover),Sunyi Dean,2022,3.78,8057,mid
The Fervor (Hardcover),Alma Katsu,2022,3.67,1933,mid
And Then There Were None (Paperback),Agatha Christie,1939,4.28,1129590,good
"The Last Town (Wayward Pines, #3)",Blake Crouch,2014,4.09,52966,good
The Wolfen (Paperback),Whitley Strieber,1978,3.84,7139,mid
Twelve Nights at Rotter House (Paperback),J.W. Ocker,2019,3.43,2559,mid
"Frozen Charlotte (Frozen Charlotte, #1)",Alex Bell,2014,4.22,8999,good
"Wayward (Wayward Pines, #2)",Blake Crouch,2013,4.14,57775,good
The Nest (Kindle Edition),Kenneth Oppel,2015,3.73,9944,mid
Sensor (Hardcover),Junji Ito,2019,3.59,5881,mid
The Dead Girls of Hysteria Hall (Hardcover),Katie Alender,2015,3.98,6886,mid
Little Star (Hardcover),John Ajvide Lindqvist,2010,3.63,6765,mid
You've Lost a Lot of Blood (Paperback),Eric LaRocca,2022,3.44,3009,mid
The House of Thunder (Mass Market Paperback),Leigh Nichols,1982,3.8,18267,mid
Basketful of Heads (Hardcover),Joe Hill,2020,4.08,4569,good
"Revival, Vol. 1: You're Among Friends (Paperback)",Tim Seeley,2012,3.86,8498,mid
The Hiding Place (Hardcover),C.J. Tudor,2019,3.62,27907,mid
"The Black Barn (Gideon Falls, #1)",Jeff Lemire,2018,4.15,6716,good
"Ashes (Ashes Trilogy, #1)",Ilsa J. Bick,2011,3.94,25006,mid
Creature (Paperback),John Saul,1989,3.85,10980,mid
Herbert West—Reanimator (Paperback),H.P. Lovecraft,1922,3.85,5703,mid
"Agents of Dreamland (Tinfoil Dossier, #1)",Caitlín R. Kiernan,2017,3.67,3763,mid
Violet (Paperback),Scott   Thomas,2019,3.56,2161,mid
Endless Night (Paperback),Richard Laymon,1993,3.93,5264,mid
"I Don't Want to Kill You (John Cleaver, #3)",Dan Wells,2011,4.23,10518,good
Darkness on the Edge of Town (Paperback),Brian Keene,2008,3.66,3655,mid
The Remaking (Paperback),Clay McLeod Chapman,2019,3.25,2066,mid
"Contagion (Contagion, #1)",Erin Bowman,2018,3.89,5315,mid
A Lush and Seething Hell: Two Tales of Cosmic Horror (Hardcover),John Hornor Jacobs,2019,3.85,2027,mid
Cold Hand in Mine: Strange Stories (Hardcover),Robert Aickman,1974,3.98,2888,mid
"Dearly Devoted Dexter (Dexter, #2)",Jeff Lindsay,2005,3.86,47771,mid
"Club Dead (Sookie Stackhouse, #3)",Charlaine Harris,2003,4.01,228960,good
Tales of Mystery and Imagination (Hardcover),Edgar Allan Poe,1842,4.12,9036,good
Dissolving Classroom (Paperback),Junji Ito,2013,3.81,6919,mid
"The Whispering Skull (Lockwood & Co., #2)",Jonathan Stroud,2014,4.34,21279,good
"The Killing Dance (Anita Blake, Vampire Hunter, #6)",Laurell K. Hamilton,1997,4.13,70954,good
Wounds: Six Stories from the Border of Hell (Hardcover),Nathan Ballingrud,2019,4.08,2370,good
In a Glass Darkly (Paperback),J. Sheridan Le Fanu,1872,3.84,4973,mid
"Alien: Out of the Shadows (Canonical Alien Trilogy, #1)",Tim Lebbon,2013,3.8,9823,mid
The Hollow Ones (Hardcover),Guillermo del Toro,2020,3.69,5989,mid
"Swamp Thing, Vol. 1: Saga of the Swamp Thing (Paperback)",Alan Moore,1983,4.22,25502,good
The Legend of Sleepy Hollow and Other Stories (Paperback),Washington Irving,1820,3.93,54375,mid
The Howling (Mass Market Paperback),Gary Brandner,1977,3.95,13522,mid
The Lighthouse Witches (Paperback),C.J.  Cooke,2021,3.98,10240,mid
"A Deadly Education (The Scholomance, #1)",Naomi Novik,2020,4.01,106242,good
1984 (Paperback),George Orwell,1949,4.19,3977561,good
One Rainy Night (Paperback),Richard Laymon,1991,3.86,4088,mid
The Bright Lands (Hardcover),John Fram,2020,3.42,3805,mid
Thin Air: A Ghost Story (Hardcover),Michelle Paver,2016,3.82,6258,mid
Pretty Girls (Paperback),Karin Slaughter,2015,4.03,249646,good
Hemlock Grove (Paperback),Brian McGreevy,2012,3.48,6729,mid
Mary: An Awakening of Terror (Paperback),Nat Cassidy,2022,3.91,1158,mid
Tell Me I’m Worthless (Paperback),Alison Rumfitt,2021,4.06,1860,good
And Then I Woke Up (Paperback),Malcolm Devlin,2022,3.61,1601,mid
Coraline (Hardcover),P. Craig Russell,2002,4.05,31661,good
"Something is Killing the Children, Vol. 2 (Paperback)",James Tynion IV,2020,4.26,5724,good
"Alice in Zombieland (White Rabbit Chronicles, #1)",Gena Showalter,2012,4.03,42676,good
"The Ghost Next Door  (Goosebumps, #10)",R.L. Stine,1993,3.77,10447,mid
Cuckoo Song (Paperback),Frances Hardinge,2014,3.96,7733,mid
"The Werewolf of Fever Swamp (Goosebumps, #14)",R.L. Stine,1993,3.84,14445,mid
The Fifth Child (Paperback),Doris Lessing,1988,3.6,18120,mid
Little Eve (Hardcover),Catriona Ward,2018,3.89,1776,mid
"Carter & Lovecraft (Carter & Lovecraft, #1)",Jonathan L. Howard,2015,3.86,5426,mid
1922,Stephen King,2010,3.92,11998,mid
House of Small Shadows (Hardcover),Adam Nevill,2013,3.4,2757,mid
"Dead of Night (Dead of Night, #1)",Jonathan Maberry,2011,3.98,6528,mid
Gil's All Fright Diner (Mass Market Paperback),A. Lee Martinez,2005,3.85,12762,mid
A Night in the Lonesome October (Paperback),Roger Zelazny,1993,4.19,9895,good
Audrey Rose (Mass Market Paperback),Frank De Felitta,1975,3.89,21368,mid
The Night Strangers (Hardcover),Chris Bohjalian,2011,3.18,16985,mid
Ghoul (Paperback),Brian Keene,2007,3.86,4266,mid
Prosper's Demon (Paperback),K.J. Parker,2020,3.73,4315,mid
Lovesickness (Hardcover),Junji Ito,2011,4.03,5284,good
"Lair of Dreams (The Diviners, #2)",Libba Bray,2015,4.11,30234,good
"The Vampire Prince (Cirque Du Freak, #6)",Darren Shan,2002,4.23,28811,good
I Know What You Did Last Summer (Paperback),Lois Duncan,1973,3.45,14511,mid
"Burnt Offerings (Anita Blake, Vampire Hunter, #7)",Laurell K. Hamilton,1998,4.08,67818,good
Castaways (Mass Market Paperback),Brian Keene,2009,3.61,3242,mid
The Between (Paperback),Tananarive Due,1995,4.08,2371,good
Scary Stories Treasury (Hardcover),Alvin Schwartz,1981,4.32,9002,good
"Perdido Street Station (New Crobuzon, #1)",China Miéville,2000,3.97,65165,mid
Empire of Wild (Hardcover),Cherie Dimaline,2019,3.76,8626,mid
"The Handmaid's Tale (The Handmaid's Tale, #1)",Margaret Atwood,1985,4.13,1805028,good
"Monstress, Vol. 2: The Blood (Paperback)",Marjorie M. Liu,2017,4.3,18015,good
"Graveminder (Graveminder, #1)",Melissa Marr,2011,3.49,12819,mid
"Domain (Rats, #3)",James Herbert,1983,3.99,6213,mid
The Lost Causes of Bleak Creek (Hardcover),Rhett McLaughlin,2019,3.94,10826,mid
Let's Go Play at the Adams' (Paperback),Mendal W. Johnson,1974,3.5,2168,mid
"Deadspeak (Necroscope, #4)",Brian Lumley,1990,4.14,5137,good
Dear Laura (Kindle Edition),Gemma Amor,2019,3.74,3040,mid
The Shunned House (Kindle Edition),H.P. Lovecraft,1937,3.54,4970,mid
After the People Lights Have Gone Off (Paperback),Stephen Graham Jones,2014,3.7,1665,mid
"Dust & Decay (Rot & Ruin, #2)",Jonathan Maberry,2011,4.28,17524,good
"A Game of You (The Sandman, #5)",Neil Gaiman,1992,4.42,60405,good
Our Lady of Darkness (Mass Market Paperback),Fritz Leiber,1977,3.65,2106,mid
Revelator (Hardcover),Daryl Gregory,2021,4.02,2787,good
The Eyes of Darkness (Hardcover),Dean Koontz,1981,3.82,30533,mid
"What Comes After (The Walking Dead, #18)",Robert Kirkman,2013,4.22,10744,good
"東京喰種トーキョーグール 2 (Tokyo Ghoul, #2)",Sui Ishida,2012,4.44,32318,good
Mine (Paperback),Robert McCammon,1990,3.91,10396,mid
The Walking Dead: Compendium Two (Paperback),Robert Kirkman,2012,4.52,18900,good
The Weird: A Compendium of Strange and Dark Stories (Paperback),Ann VanderMeer,2010,4.26,2175,good
"Demon Thief (The Demonata, #2)",Darren Shan,2005,4.16,15191,good
"The Two Dead Girls (The Green Mile, #1)",Stephen King,1996,4.51,34622,good
"Afterlife with Archie, Vol. 1: Escape from Riverdale (Paperback)",Roberto Aguirre-Sacasa,2014,4.06,6702,good
Japanese Tales of Mystery & Imagination (Paperback),Edogawa Rampo,1956,4.05,4320,good
The House with a Clock in Its Walls (Paperback),John Bellairs,1973,3.74,18602,mid
The Yellow Wallpaper and Other Stories (Paperback),Charlotte Perkins Gilman,1892,4.05,82225,good
"Obsidian Butterfly (Anita Blake, Vampire Hunter, #9)",Laurell K. Hamilton,2000,4.09,63031,good
"The Unbecoming of Mara Dyer (Mara Dyer, #1)",Michelle Hodkin,2011,4.03,168203,good
"Uncle Montague's Tales of Terror (Tales of Terror, #1)",Chris Priestley,2007,4.04,5372,good
"Blue Moon (Anita Blake, Vampire Hunter, #8)",Laurell K. Hamilton,1998,4.05,64075,good
The Houseguest and Other Stories (Paperback),Amparo Dávila,2018,3.76,4830,mid
"Let's Get Invisible! (Goosebumps, #6)",R.L. Stine,1993,3.57,10705,mid
Alien (Paperback),Alan Dean Foster,1979,4.09,19404,good
Lost Boy Lost Girl (Mass Market Paperback),Peter Straub,2003,3.49,5140,mid
The Color Out of Space (ebook),H.P. Lovecraft,1927,4.04,7099,good
Horseman: A Tale of Sleepy Hollow (Paperback),Christina Henry,2021,3.74,3689,mid
My Dearest Darkest (Paperback),Kayla Cottingham,2022,3.83,2309,mid
Follow Me to Ground (Hardcover),Sue Rainsford,2018,3.58,6872,mid
Dark Rivers of the Heart (Paperback),Dean Koontz,1994,3.93,18725,mid
The Darkest Evening of the Year (Hardcover),Dean Koontz,2008,3.76,27769,mid
Dead Sea (Paperback),Brian Keene,2007,3.86,5405,mid
"13 Bullets (Laura Caxton, #1)",David Wellington,2007,3.63,4285,mid
"Monster, She Wrote: The Women Who Pioneered Horror and Speculative Fiction (Kindle Edition)",Lisa Kröger,2019,4.08,3299,good
"The Lamb Will Slaughter the Lion (Danielle Cain, #1)",Margaret Killjoy,2017,3.62,2881,mid
The Mask (Paperback),Dean Koontz,1981,3.8,18618,mid
Uncle Silas (Paperback),J. Sheridan Le Fanu,1864,3.74,6195,mid
The Ceremonies (Mass Market Paperback),T.E.D. Klein,1984,3.83,2020,mid
His Hideous Heart (Hardcover),Dahlia Adler,2019,3.57,2442,mid
Shadows (Mass Market Paperback),John Saul,1992,3.94,11868,mid
"House of Furies (House of Furies, #1)",Madeleine Roux,2017,3.78,6490,mid
Helter Skelter: The True Story of the Manson Murders (Paperback),Vincent Bugliosi,1974,4.05,138159,good
"Blood Meridian, or the Evening Redness in the West (Paperback)",Cormac McCarthy,1985,4.16,129717,good
"If There Be Thorns (Dollanganger, #3)",V.C. Andrews,1981,3.77,46665,mid
"Fatale, Vol. 1: Death Chases Me (Paperback)",Ed Brubaker,2012,3.89,9132,mid
"American Vampire, Vol. 2 (Hardcover)",Scott Snyder,2011,4.06,12217,good
Comes the Blind Fury (Paperback),John Saul,1980,3.97,7080,mid
Whisper Down the Lane (Hardcover),Clay McLeod Chapman,2021,3.6,3561,mid
The Birds and Other Stories (ebook),Daphne du Maurier,1952,4.06,9426,good
Out (Paperback),Natsuo Kirino,1997,3.95,32713,mid
The Association (Mass Market Paperback),Bentley Little,2001,3.89,5095,mid
The Transition of H. P. Lovecraft: The Road to Madness (Paperback),H.P. Lovecraft,1996,4.31,9793,good
A Dark Matter (Hardcover),Peter Straub,2010,2.97,4371,mid
"Nailbiter, Vol. 1: There Will Be Blood (Paperback)",Joshua Williamson,2014,4.04,5868,good
Breed (Hardcover),Chase Novak,2012,3.16,4135,mid
Abandon (Kindle Edition),Blake Crouch,2009,3.74,21373,mid
"Contagious (Infected, #2)",Scott Sigler,2008,4.12,10474,good
The Sundial (Paperback),Shirley Jackson,1958,3.8,4650,mid
"Magic Cottage, Das Haus auf dem Land (Paperback)",James Herbert,1986,3.87,6675,mid
"Blindsight (Firefall, #1)",Peter Watts,2006,4.01,34393,good
"The Scarecrow Walks at Midnight (Goosebumps, #20)",R.L. Stine,1994,3.69,10532,mid
The Colorado Kid (Mass Market Paperback),Stephen King,2005,3.37,44625,mid
"The Cabinet of Curiosities (Pendergast, #3; Nora Kelly, #0.5)",Douglas Preston,2002,4.26,46260,good
"The Whispering Dead (Gravekeeper, #1)",Darcy Coates,2021,4.06,3688,good
Infidel (Paperback),Pornsak Pichetshote,2018,3.87,2792,mid
The Honeys (Hardcover),Ryan La Sala,2022,4.11,2321,good
"New Moon (The Twilight Saga, #2)",Stephenie Meyer,2006,3.58,1740424,mid
"The Isle of Blood (The Monstrumologist, #3)",Rick Yancey,2011,4.24,4944,good
"Woman, Eating (Hardcover)",Claire Kohda,2022,3.56,4298,mid
Camp Slaughter (Kindle Edition),Sergio   Gomez,2019,3.5,1937,mid
Living Dead Girl (Hardcover),Elizabeth Scott,2008,3.8,29913,mid
The Voice of the Night (Mass Market Paperback),Dean Koontz,1980,3.96,19167,mid
"March to War (The Walking Dead, #19)",Robert Kirkman,2013,4.22,9812,good
Dweller (Paperback),Jeff Strand,2010,3.99,2902,mid
Dracula the Un-Dead (Hardcover),Dacre Stoker,2009,3.14,5997,mid
"Dead to the World (Sookie Stackhouse, #4)",Charlaine Harris,2004,4.12,252388,good
Nettle & Bone (Hardcover),T. Kingfisher,2022,4.27,15464,good
約束のネバーランド 1 [Yakusoku no Neverland 1] (Paperback),Kaiu Shirai,2016,4.46,53130,good
The Resurrectionist: The Lost Work of Dr. Spencer Black (Hardcover),E.B. Hudspeth,2013,3.59,5532,mid
The Conqueror Worms (Paperback),Brian Keene,2005,3.89,4191,mid
Black Mad Wheel (Kindle Edition),Josh Malerman,2017,3.28,4921,mid
The Pilo Family Circus (Paperback),Will Elliott,2006,3.83,3530,mid
The Mysteries of Udolpho (Paperback),Ann Radcliffe,1794,3.4,14464,mid
"Hunters of the Dusk (Cirque Du Freak, #7)",Darren Shan,2002,4.17,26323,good
The Illustrated Man (Paperback),Ray Bradbury,1951,4.13,90122,good
Shattered (Mass Market Paperback),Dean Koontz,1973,3.91,21144,mid
"Slawter (The Demonata, #3)",Darren Shan,2006,4.17,13968,good
"The Wolf Gift (The Wolf Gift Chronicles, #1)",Anne Rice,2012,3.56,26977,mid
Such a Pretty Smile (Hardcover),Kristi DeMeester,2022,3.39,2349,mid
"Autumn (Autumn, #1)",David Moody,2001,3.67,6680,mid
Second Child (Paperback),John Saul,1990,3.92,7657,mid
A God in the Shed (A God in the Shed #1),J.-F. Dubeau,2017,3.5,2489,mid
"The Silver Eyes (Five Nights at Freddy's, #1)",Scott Cawthon,2016,4.16,13998,good
"The Suffering (The Girl from the Well, #2)",Rin Chupeco,2015,4.15,3576,good
"Endurance (Afraid, #3)",Jack Kilborn,2010,3.93,5473,mid
"Bunnicula (Bunnicula, #1)",Deborah Howe,1979,3.87,66094,mid
The Lost (Paperback),Jack Ketchum,2001,3.77,3711,mid
"Not Even Bones (Market of Monsters, #1)",Rebecca Schaeffer,2018,4.17,10458,good
"Nocturnes (Nocturnes, #1)",John Connolly,2004,3.92,5487,mid
"Allies of the Night (Cirque du Freak, #8)",Darren Shan,2002,4.19,25314,good
"Parasite (Parasitology, #1)",Mira Grant,2013,3.67,16118,mid
Child of God (Paperback),Cormac McCarthy,1973,3.84,38484,mid
Tales of the Cthulhu Mythos (Paperback),Jim Turner,1990,4.21,4673,good
"The World of Lore: Monstrous Creatures (The World of Lore, #1)",Aaron Mahnke,2017,3.94,5493,mid
"My Sweet Audrina (Audrina, #1)",V.C. Andrews,1982,3.87,26262,mid
"Trapped (Afraid, #2)",Jack Kilborn,2010,3.87,5439,mid
The Tomb and Other Tales (Paperback),H.P. Lovecraft,1965,4.23,7192,good
Run (Kindle Edition),Blake Crouch,2011,3.86,13932,mid
"The Walking Dead, Book Two (Hardcover)",Robert Kirkman,2005,4.34,14341,good
Mr. Splitfoot (Hardcover),Samantha Hunt,2016,3.65,7179,mid
Beautiful Darkness (Hardcover),Fabien Vehlmann,2009,3.87,9313,mid
Rotters (Hardcover),Daniel Kraus,2011,3.65,3483,mid
"The Flood (Blackwater, #1)",Michael McDowell,1983,3.99,4547,mid
In the Dark (Paperback),Richard Laymon,1994,3.86,4627,mid
Starve Acre (Hardcover),Andrew Michael Hurley,2019,3.77,5204,mid
"The Girl Who Cried Monster (Goosebumps, #8)",R.L. Stine,1993,3.52,7736,mid
Blanky (Kindle Edition),Kealan Patrick Burke,2017,3.82,2307,mid
The Case Against Satan (Paperback),Ray Russell,1962,3.68,1569,mid
"Be Careful What You Wish For... (Goosebumps, #12)",R.L. Stine,1993,3.67,10922,mid
"Winter Tide (The Innsmouth Legacy, #1)",Ruthanna Emrys,2017,3.75,3139,mid
City of the Dead (The Rising #2),Brian Keene,2005,3.89,5997,mid
The Beast House (Paperback),Richard Laymon,1984,3.8,4452,mid
"All Out War Part 1 (The Walking Dead, #20)",Robert Kirkman,2014,4.21,9332,good
Urban Gothic (Paperback),Brian Keene,2009,3.74,3369,mid
"The Umbrella Conspiracy (Resident Evil, #1)",S.D. Perry,1998,3.92,7056,mid
Hangsaman (Mass Market Paperback),Shirley Jackson,1951,3.77,6369,mid
Melmoth the Wanderer (Paperback),Charles Maturin,1820,3.71,4769,mid
"Killers of the Dawn (Cirque Du Freak, #9)",Darren Shan,2003,4.22,24720,good
"Books of Blood, Volumes Four to Six (Books of Blood, #4-6)",Clive Barker,1985,4.29,3983,good
The Sentinel (Mass Market Paperback),Jeffrey Konvitz,1974,3.85,7204,mid
"Deadspawn (Necroscope, #5)",Brian Lumley,1991,4.14,4552,good
The Haunted Forest Tour (Kindle Edition),James A. Moore,2007,3.83,3147,mid
The Haunting of Gillespie House (Kindle Edition),Darcy Coates,2015,3.67,6187,mid
"The Road to Woodbury (The Walking Dead: Novels, #2)",Robert Kirkman,2012,3.7,10443,mid
Red Moon (Hardcover),Benjamin Percy,2013,3.36,5797,mid
The Vision (Paperback),Dean Koontz,1977,3.84,15014,mid
"Dead Man's Song (Pine Deep, #2)",Jonathan Maberry,2007,4.09,3665,good
One Door Away from Heaven (Mass Market Paperback),Dean Koontz,2001,3.99,21715,mid
The Rust Maidens (Paperback),Gwendolyn Kiste,2018,3.74,1497,mid
"Deathless Divide (Dread Nation, #2)",Justina Ireland,2020,4.17,9612,good
"Red Queen (The Chronicles of Alice, #2)",Christina Henry,2016,3.83,11862,mid
Juniper & Thorn (Hardcover),Ava Reid,2022,3.77,3517,mid
Lost Souls (Dean Koontz's Frankenstein #4),Dean Koontz,2010,3.91,13153,mid
"The Hollow Boy (Lockwood & Co., #3)",Jonathan Stroud,2015,4.38,16842,good
Blue World (Mass Market Paperback),Robert McCammon,1989,3.96,5192,mid
"Long Lankin (Long Lankin, #1)",Lindsey Barraclough,2011,3.73,3195,mid
Leave the World Behind (Hardcover),Rumaan Alam,2020,3.2,109213,mid
"Bad Moon Rising (Pine Deep, #3)",Jonathan Maberry,2008,4.17,4072,good
Where They Wait (Hardcover),Scott  Carson,2021,3.61,2616,mid
The Women in the Walls (Hardcover),Amy Lukavics,2016,3.23,2559,mid
Violin (Paperback),Anne Rice,1997,3.32,18714,mid
The Wine-Dark Sea (Paperback),Robert Aickman,1988,4.1,1690,good
Crossroads (Paperback),Laurel Hightower,2020,4.12,1568,good
"Dead as a Doornail (Sookie Stackhouse, #5)",Charlaine Harris,2005,4.0,211511,mid
The House (Mass Market Paperback),Bentley Little,1997,3.69,3960,mid
Crota (Mass Market Paperback),Owl Goingback,1996,3.84,1014,mid
"Every Heart a Doorway (Wayward Children, #1)",Seanan McGuire,2016,3.82,94053,mid
"My Life as a White Trash Zombie (White Trash Zombie, #1)",Diana Rowland,2011,3.94,13010,mid
The Stand: Captain Trips (Hardcover),Roberto Aguirre-Sacasa,2009,4.46,67074,good
"Blackwater: The Complete Caskey Family Saga (Blackwater, #1-6)",Michael McDowell,1983,4.4,3371,good
Survive the Night (Hardcover),Danielle Vega,2015,3.22,5108,mid
Cows (Paperback),Matthew Stokoe,1998,3.11,4602,mid
The Lurking Fear and Other Stories (Paperback),H.P. Lovecraft,1923,4.09,3075,good
Secret Santa (Paperback),Andrew Shaffer,2020,3.51,2502,mid
Flight or Fright: 17 Turbulent Tales (Hardcover),Stephen King,2018,3.49,5562,mid
No Exit (Kindle Edition),Taylor  Adams,2018,4.03,107849,good
The Haunting of Blackwood House (Paperback),Darcy Coates,2015,3.86,7413,mid
Security (Hardcover),Gina Wohlsdorf,2016,3.28,3448,mid
Shadowfires (Paperback),Leigh Nichols,1987,3.79,13029,mid
"I Am Behind You (Platserna, #1)",John Ajvide Lindqvist,2014,3.35,3858,mid
Neonomicon (Paperback),Alan Moore,2010,3.45,5914,mid
Diary (Paperback),Chuck Palahniuk,2003,3.63,75492,mid
The Man in the Picture (Hardcover),Susan         Hill,2007,3.61,5046,mid
"Definitely Dead (Sookie Stackhouse, #6)",Charlaine Harris,2006,4.01,198144,good
Verity (Paperback),Colleen Hoover,2018,4.41,1286850,good
"Dawn of the Dreadfuls (Pride and Prejudice and Zombies, #0.5)",Steve Hockensmith,2007,3.49,22010,mid
The Lovely Bones (Mass Market Paperback),Alice Sebold,2002,3.84,2218320,mid
The Face of Fear (Hardcover),Brian Coffey,1977,3.86,16971,mid
Don't Look Now and Other Stories (Kindle Edition),Daphne du Maurier,1971,3.83,7337,mid
Nocturnal (Hardcover),Scott Sigler,2012,4.05,5627,good
The Shadow Out of Time (Paperback),H.P. Lovecraft,1936,3.89,4239,mid
Follow You Home (Paperback),Mark  Edwards,2015,3.92,47726,mid
Origin (Konrath/Kilborn Collective #2),J.A. Konrath,2009,3.8,6079,mid
The Husband (Hardcover),Dean Koontz,2006,3.81,45963,mid
The Chill (Hardcover),Scott  Carson,2020,3.61,4794,mid
Gone Girl (Paperback),Gillian Flynn,2012,4.11,2754369,good
"The Fold (Threshold, #2)",Peter Clines,2015,3.87,28710,mid
"Damned (Damned, #1)",Chuck Palahniuk,2011,3.39,51330,mid
In the Shadow of Spindrift House (Hardcover),Mira Grant,2019,3.67,1670,mid
Moon of the Crusted Snow (Paperback),Waubgeshig Rice,2018,3.88,15034,mid
Little Darlings (Hardcover),Melanie Golding,2019,3.64,11352,mid
"The Dark and Hollow Places (The Forest of Hands and Teeth, #3)",Carrie Ryan,2011,4.03,22350,good
To Be Devoured (Kindle Edition),Sara Tantlinger,2019,3.92,1541,mid
"My Sister, the Serial Killer (Hardcover)",Oyinkan Braithwaite,2018,3.7,240299,mid
"Breaking Dawn (The Twilight Saga, #4)",Stephenie Meyer,2008,3.72,1548673,mid
Marina (Paperback),Carlos Ruiz Zafón,1999,4.1,62539,good
Sphere (Paperback),Michael Crichton,1987,3.82,176265,mid
My Work is Not Yet Done: Three Tales of Corporate Horror (Hardcover),Thomas Ligotti,2002,3.88,2607,mid
The Violence (Hardcover),Delilah S. Dawson,2022,3.9,4082,mid
The Girls Are Never Gone (Hardcover),Sarah Glenn Marsh,2021,3.64,1594,mid
Pan's Labyrinth: The Labyrinth of the Faun (Hardcover),Guillermo del Toro,2019,4.27,14476,good
The Lake of Souls (Cirque du Freak #10),Darren Shan,2002,4.18,22926,good
Intercepts (Kindle Edition),T.J. Payne,2019,4.1,4938,good
"The Nightmare Room (The Messy Man, #1)",Chris   Sorensen,2018,3.73,2189,mid
"Hold Me Closer, Necromancer (Necromancer, #1)",Lish McBride,2010,3.9,17346,mid
"The Bad Death of Eduard Delacroix (The Green Mile, #4)",Stephen King,1996,4.54,16867,good
The Most Dangerous Game (Paperback),Richard Connell,1924,3.94,49065,mid
Extasia (Hardcover),Claire Legrand,2022,3.54,1468,mid
"Piano Lessons Can Be Murder (Goosebumps, #13)",R.L. Stine,1993,3.57,7967,mid
The Devourers (Hardcover),Indra Das,2016,3.76,3876,mid
The Horror Stories of Robert E. Howard (Paperback),Robert E. Howard,1968,4.13,2693,good
"Bec (The Demonata, #4)",Darren Shan,2006,4.17,12961,good
From Below (Paperback),Darcy Coates,2022,4.16,2686,good
No Longer Human (Hardcover),Junji Ito,2019,4.25,7712,good
"All Out War Part 2 (The Walking Dead, #21)",Robert Kirkman,2014,4.11,8042,good
"Dark Hollow (Levi Stoltzfus, #1)",Brian Keene,2006,3.88,3518,mid
"The Mouse on the Mile (The Green Mile, #2)",Stephen King,1996,4.48,16343,good
Dead Inside (Paperback),Chandler Morrison,2015,3.32,3870,mid
The Atrocities (Kindle Edition),Jeremy C. Shipp,2018,3.21,1432,mid
"In a Dark, Dark Wood (Paperback)",Ruth Ware,2015,3.72,295201,mid
"Offspring (Dead River, #2)",Jack Ketchum,1991,3.81,3357,mid
"The Name of the Star (Shades of London, #1)",Maureen Johnson,2011,3.88,51727,mid
"City Infernal (City Infernal, #1)",Edward Lee,2001,3.79,3161,mid
"The Devil You Know (Felix Castor, #1)",Mike Carey,2006,3.8,16179,mid
The Corset (Hardcover),Laura  Purcell,2018,4.16,10865,good
"Hunting Prince Dracula (Stalking Jack the Ripper, #2)",Kerri Maniscalco,2017,4.24,54515,good
Moon (Paperback),James Herbert,1985,3.64,3785,mid
The White People and Other Weird Stories (Paperback),Arthur Machen,1904,4.01,1892,good
Songs of a Dead Dreamer (Paperback),Thomas Ligotti,1986,4.05,2087,good
"Between the Devil and the Deep Blue Sea (Between, #1)",April Genevieve Tucholke,2013,3.56,14199,mid
When Darkness Loves Us (Hardcover),Elizabeth Engstrom,1985,4.04,1160,good
"Dead City (Dead World, #1)",Joe McKinney,2006,3.77,6210,mid
"Lord of the Shadows (Cirque Du Freak, #11)",Darren Shan,2005,4.22,21769,good
Ancient Sorceries and Other Weird Stories (Paperback),Algernon Blackwood,2001,4.11,2004,good
The Hungry Moon (Mass Market Paperback),Ramsey Campbell,1986,3.6,1759,mid
The Keeper (Keeper #1),Sarah Langan,2006,3.32,2215,mid
To Break a Covenant (Hardcover),Alison Ames,2021,3.7,872,mid
"A New Beginning (The Walking Dead, #22)",Robert Kirkman,2014,4.25,8379,good
The Small Hand (Hardcover),Susan         Hill,2010,3.46,6347,mid
Sacrament (Paperback),Clive Barker,1996,3.76,5075,mid
The God Project (Paperback),John Saul,1982,3.92,10978,mid
The Secret of Ventriloquism (Hardcover),Jon Padgett,2016,3.92,1696,mid
"The Devil in the White City: Murder, Magic, and Madness at the Fair That Changed America (Hardcover)",Erik Larson,2003,3.99,617187,mid
Baal (Paperback),Robert McCammon,1978,3.58,4736,mid
Night in the Lonesome October (Paperback),Richard Laymon,2001,3.87,3618,mid
All These Bodies (Hardcover),Kendare Blake,2021,3.3,5743,mid
"The Creeping Shadow (Lockwood & Co., #4)",Jonathan Stroud,2016,4.51,14196,good
"Ex-Heroes (Ex-Heroes, #1)",Peter Clines,2010,3.85,15711,mid
"Coffey's Hands (The Green Mile, #3)",Stephen King,1996,4.52,16838,good
"Dexter in the Dark (Dexter, #3)",Jeff Lindsay,2006,3.56,34658,mid
"Narcissus in Chains (Anita Blake, Vampire Hunter, #10)",Laurell K. Hamilton,2001,3.91,57873,mid
"Preacher, Volume 1: Gone to Texas (Comics)",Garth Ennis,1995,4.15,73218,good
The Gathering Dark: An Anthology of Folk Horror (Hardcover),Tori Bovalino,2022,3.68,673,mid
"This Savage Song (Monsters of Verity, #1)",Victoria Schwab,2016,4.05,90144,good
The Beauty (Paperback),Aliya Whiteley,2014,3.59,2421,mid
"Night of the Living Dummy II (Goosebumps, #31)",R.L. Stine,1995,3.72,7721,mid
Zom-B (Hardcover),Darren Shan,2012,3.58,7961,mid
"Leviathan Wakes (The Expanse, #1)",James S.A. Corey,2011,4.28,226109,good
Kraken (Hardcover),China Miéville,2010,3.61,25159,mid
Nathaniel (Paperback),John Saul,1984,3.84,5742,mid
"Still Life With Crows (Pendergast, #4)",Douglas Preston,2003,4.2,35648,good
"Library of Souls (Miss Peregrine's Peculiar Children, #3)",Ransom Riggs,2015,4.14,140063,good
"Mary: The Summoning (Bloody Mary, #1)",Hillary Monahan,2014,3.73,2067,mid
The Good Guy (Hardcover),Dean Koontz,2007,3.85,35751,mid
"東京喰種トーキョーグール 3 (Tokyo Ghoul, #3)",Sui Ishida,2012,4.4,18438,good
Piercing (Paperback),Ryū Murakami,1994,3.65,9312,mid
Bad Man (Kindle Edition),Dathan Auerbach,2018,3.37,3077,mid
Confessions (Paperback),Kanae Minato,2008,4.06,24819,good
"Saint Odd (Odd Thomas, #7)",Dean Koontz,2014,4.18,20341,good
Snow (Paperback),Ronald Malfi,2010,3.69,2212,mid
"Blood Beast (The Demonata, #5)",Darren Shan,2007,4.13,11223,good
"The New Girl (Fear Street, #1)",R.L. Stine,1989,3.62,7392,mid
The Worm and His Kings (The Worm and His Kings #1),Hailey Piper,2020,3.95,975,mid
Sons of Destiny (Cirque du Freak #12),Darren Shan,2002,4.21,20945,good
The Resort (Mass Market Paperback),Bentley Little,2004,3.67,3226,mid
"Loop (Ring, #3)",Kōji Suzuki,1998,3.56,3370,mid
Ghost Summer (Paperback),Tananarive Due,2015,4.22,1460,good
The Tenth Girl (Hardcover),Sara Faring,2019,2.87,2374,mid
"Catacomb (Asylum, #3)",Madeleine Roux,2015,3.81,10802,mid
Dagon and Other Macabre Tales (Hardcover),H.P. Lovecraft,1965,4.2,5158,good
Death Troopers (Star Wars),Joe Schreiber,2009,3.67,9706,mid
The Monkey's Paw (Oxford Bookworms),Diane Mowat,1902,3.88,21526,mid
"Gyo, Vol. 1 (Paperback)",Junji Ito,2002,3.86,4563,mid
The Thing on the Doorstep (Kindle Edition),H.P. Lovecraft,1937,4.06,3606,good
The Murders in the Rue Morgue - a C. Auguste Dupin Short Story (C. Auguste Dupin #1),Edgar Allan Poe,1841,3.84,32215,mid
The Abominable (Hardcover),Dan Simmons,2013,3.6,6919,mid
"The Walking Dead, Book Three (Hardcover)",Robert Kirkman,2007,4.41,13695,good
"Seeds of Yesterday (Dollanganger, #4)",V.C. Andrews,1984,3.83,38203,mid
Daphne (Hardcover),Josh Malerman,2022,3.55,1042,mid
The Last Time I Lied (Kindle Edition),Riley Sager,2018,4.05,114605,good
Lost Gods (ebook),Brom,2016,4.21,4679,good
Floating Staircase (Paperback),Ronald Malfi,2010,3.75,2896,mid
Others (Paperback),James Herbert,1999,3.85,4271,mid
The Manitou (Manitou #1),Graham Masterton,1975,3.72,3953,mid
Black Creek Crossing (Paperback),John Saul,2004,3.86,5224,mid
Ghost Eaters (Hardcover),Clay McLeod Chapman,2022,3.47,1126,mid
"Nightbooks (Nightbooks, #1)",J.A. White,2018,4.01,7626,good
"Fables & Reflections (The Sandman, #6)",Neil Gaiman,1993,4.43,54405,good
Lunar Park (Paperback),Bret Easton Ellis,2005,3.63,27166,mid
Sepulchre (Paperback),James Herbert,1987,3.67,3440,mid
The Jennifer Morgue (Laundry Files #2),Charles Stross,2006,4.03,13758,good
"The Haunting of Sunshine Girl (The Haunting of Sunshine Girl, #1)",Paige McKenzie,2015,3.89,11012,mid
Southern Gods (Paperback),John Hornor Jacobs,2011,3.71,1825,mid
"The Lost World (Jurassic Park, #2)",Michael Crichton,1995,3.82,140334,mid
Funland (Mass Market Paperback),Richard Laymon,1989,3.79,4093,mid
Dracula's Guest (Nook),Bram Stoker,1914,3.73,6647,mid
Bloodline (Kindle Edition),Jess Lourey,2021,3.86,21034,mid
Final Girls (Hardcover),Mira Grant,2017,3.76,1734,mid
"The Hallowed Ones (The Hallowed Ones, #1)",Laura Bickle,2012,3.85,3886,mid
"Coffey on the Mile (The Green Mile, #6)",Stephen King,1996,4.58,16398,good
The Hellfire Club (Mass Market Paperback),Peter Straub,1996,3.75,6928,mid
Lapvona (Kindle Edition),Ottessa Moshfegh,2022,3.61,16186,mid
These Fleeting Shadows (Hardcover),Kate Alice Marshall,2022,3.74,1272,mid
"Night Journey (The Green Mile, #5)",Stephen King,1996,4.53,15276,good
Taaqtumi: An Anthology of Arctic Horror Stories (Paperback),Aviaq Johnston,2019,3.72,860,mid
The Right Hand of Evil (Paperback),John Saul,1999,3.75,5734,mid
Cunning Folk (Paperback),Adam Nevill,2021,3.95,2264,mid
"Something is Killing the Children, Vol. 3 (Paperback)",James Tynion IV,2021,4.29,4053,good
Theme Music (Hardcover),T. Marie Vandelly,2019,3.75,3426,mid
"Harrow County, Vol. 2: Twice Told (Paperback)",Cullen Bunn,2016,4.04,2906,good
Midwinterblood (Hardcover),Marcus Sedgwick,2011,3.71,11196,mid
The Key to Midnight (Paperback),Dean Koontz,1979,3.99,29207,mid
The Survivor (Mass Market Paperback),James Herbert,1976,3.69,3255,mid
"Ghost Beach  (Goosebumps, #22)",R.L. Stine,1994,3.73,8708,mid
The Outsider (Kindle Edition),H.P. Lovecraft,1926,3.99,4179,mid
The Watchers (Hardcover),A.M. Shine,2021,4.08,3712,good
"Cerulean Sins (Anita Blake, Vampire Hunter, #11)",Laurell K. Hamilton,2003,3.86,50776,mid
"Red Fox (Experiment in Terror, #2)",Karina Halle,2011,4.17,7855,good
Mystery Walk (Kindle Edition),Robert McCammon,1983,3.94,4295,mid
Boy Parts (ebook),Eliza  Clark,2020,3.93,19079,mid
Gothic Tales (Paperback),Elizabeth Gaskell,2000,3.8,2558,mid
The Light at the End (Hardcover),John Skipp,1986,3.82,1964,mid
"Curse of the Bane (The Last Apprentice / Wardstone Chronicles, #2)",Joseph Delaney,2005,4.12,29075,good
The Pit and the Pendulum (Paperback),Edgar Allan Poe,1842,3.95,9601,mid
Little Girls (Paperback),Ronald Malfi,2015,3.55,3179,mid
Best Ghost Stories of Algernon Blackwood (Paperback),Algernon Blackwood,1973,4.16,2986,good
Lair of the White Worm (Paperback),Bram Stoker,1911,2.8,3788,mid
Not Good for Maidens (Hardcover),Tori Bovalino,2022,3.7,953,mid
The Devil Makes Three (Hardcover),Tori Bovalino,2021,3.63,3238,mid
"Parasyte, Volume 1 (Paperback)",Hitoshi Iwaaki,1990,4.3,8947,good
"Ice Cream Man, Vol. 1: Rainbow Sprinkles (Paperback)",W. Maxwell Prince,2018,3.56,3933,mid
"Before the Devil Breaks You (The Diviners, #3)",Libba Bray,2017,4.27,17556,good
"Fool Moon (The Dresden Files, #2)",Jim Butcher,2001,3.99,181739,mid
The Mailman (Hardcover),Bentley Little,1991,3.88,3291,mid
The Amulet (Paperback),Michael McDowell,1979,3.91,1598,mid
The Seance (Hardcover),John Harwood,2008,3.56,7179,mid
Son of Rosemary (Paperback),Ira Levin,1997,2.54,3875,mid
The Other Black Girl (Hardcover),Zakiya Dalila Harris,2021,3.4,59940,mid
"Blood Countess (Lady Slayers, #1)",Lana Popović,2020,3.47,2136,mid
"The Cuckoo Clock of Doom (Goosebumps, #28)",R.L. Stine,1995,3.64,7614,mid
Färjan (Hardcover),Mats Strandberg,2015,3.45,3671,mid
Batman: Arkham Asylum - A Serious House on Serious Earth (Paperback),Grant Morrison,1989,4.1,67023,good
